pm10,month,pm10_40,pm10_60
57,1,53,52
25,2,23,23
17,3,15,15
31,4,28,28
10,5,8,8
12,6,10,10
23,7,21,20
17,8,16,15
16,9,15,14
16,10,15,14
27,11,25,24
27,12,25,24
26,13,24,24
26,14,24,23
23,15,22,21
19,16,17,17
25,17,23,23
37,18,35,34
34,19,32,32
36,20,34,33
52,21,49,48
53,22,50,49
37,23,35,34
37,24,35,34
24,25,23,22
24,26,22,22
20,27,18,18
42,28,40,39
36,29,34,33
39,30,36,36
26,31,24,23
17,32,15,15
28,33,26,26
12,34,11,11
17,35,16,15
23,36,22,21
31,37,29,29
20,38,19,18
15,39,14,13
40,40,38,37
28,41,26,25
27,42,25,25
25,43,23,22
24,44,22,22
21,45,20,19
27,46,25,25
37,47,35,34
29,48,27,26
32,49,30,30
50,50,47,46
39,51,37,36
32,52,30,30
31,53,29,29
22,54,20,20
24,55,22,21
22,56,20,20
36,57,33,33
33,58,31,30
32,59,30,29
21,60,19,19
14,61,13,12
25,62,23,22
11,63,9,9
12,64,11,11
18,65,16,16
17,66,15,15
15,67,13,13
15,68,13,13
21,69,19,19
23,70,21,21
23,71,21,21
24,72,22,21
22,73,20,20
19,74,17,17
21,75,19,19
28,76,26,26
25,77,23,22
28,78,26,26
43,79,40,39
34,80,32,31
25,81,23,22
32,82,30,29
20,83,18,18
22,84,20,19
20,85,18,18
32,86,30,29
23,87,21,21
34,88,32,31
21,89,19,19
11,90,10,9
29,91,27,26
13,92,11,11
16,93,14,14
19,94,17,17
27,95,25,24
13,96,12,12
19,97,18,17
35,98,33,32
32,99,29,29
30,100,28,28
28,101,26,26
23,102,21,21
24,103,22,22
22,104,20,20
27,105,25,24
19,106,17,17
26,107,24,23
36,108,33,33
36,109,34,33
20,110,18,18
31,111,29,28
26,112,25,24
26,113,24,23
39,114,37,36
48,115,45,44
48,116,45,44
29,117,27,27
15,118,14,13
8,119,7,7
20,120,18,18
9,121,8,8
9,122,8,8
14,123,13,12
14,124,13,12
11,125,9,9
13,126,11,11
18,127,17,16
20,128,18,18
20,129,19,18
19,130,18,17
18,131,17,16
16,132,15,14
15,133,13,13
22,134,21,20
19,135,18,17
23,136,21,21
37,137,35,34
36,138,34,33
20,139,18,18
25,140,23,22
15,141,13,13
18,142,16,16
16,143,14,14
26,144,24,23
20,145,18,17
34,146,32,31
36,147,34,33
18,148,16,16
15,149,13,13
21,150,19,19
32,151,30,29
29,152,27,27
27,153,25,25
25,154,24,23
46,155,43,42
48,156,45,44
37,157,35,34
55,158,52,51
19,159,17,17
13,160,11,11
11,161,10,10
16,162,15,14
29,163,27,26
36,164,34,33
37,165,35,34
22,166,20,20
15,167,14,13
18,168,16,16
18,169,17,16
21,170,19,19
28,171,26,26
34,172,31,31
40,173,37,37
26,174,24,24
35,175,32,32
17,176,15,15
13,177,12,12
18,178,17,16
28,179,26,25
32,180,30,29
26,181,24,24
20,182,18,18
28,183,26,25
42,184,40,39
36,185,34,33
33,186,31,30
20,187,18,18
13,188,12,11
11,189,10,10
18,190,17,16
31,191,28,28
24,192,22,21
32,193,29,29
20,194,18,18
17,195,15,15
17,196,15,15
19,197,18,17
21,198,19,18
23,199,21,21
26,200,25,24
29,201,27,26
18,202,17,16
25,203,23,23
16,204,14,14
13,205,11,11
15,206,14,14
26,207,24,24
30,208,28,28
21,209,20,19
17,210,16,15
24,211,22,22
30,212,28,28
24,213,22,21
24,214,22,21
18,215,16,16
16,216,14,14
9,217,8,8
16,218,15,14
29,219,27,26
24,220,22,22
25,221,23,22
15,222,14,13
14,223,12,12
15,224,14,13
42,225,39,38
5,226,3,3
19,227,17,17
24,228,22,22
28,229,26,25
34,230,32,31
31,231,29,28
28,232,26,26
25,233,23,23
18,234,16,16
33,235,30,30
34,236,31,31
27,237,25,25
22,238,20,20
35,239,33,32
46,240,43,42
27,241,25,24
47,242,44,43
21,243,19,19
18,244,16,16
10,245,9,8
16,246,14,14
23,247,21,20
49,248,46,45
47,249,45,44
14,250,12,12
12,251,11,11
16,252,14,14
18,253,16,16
23,254,21,21
28,255,26,26
25,256,23,23
43,257,40,40
17,258,15,15
25,259,23,23
15,260,14,13
11,261,10,9
13,262,12,12
21,263,19,18
25,264,23,23
18,265,17,16
15,266,13,13
18,267,16,16
26,268,24,23
23,269,21,20
24,270,22,22
13,271,11,11
8,272,6,6
7,273,6,6
11,274,9,9
17,275,15,15
20,276,18,18
19,277,17,17
13,278,11,11
10,279,9,8
10,280,9,9
12,281,10,10
15,282,13,13
19,283,18,17
18,284,16,16
21,285,19,19
36,286,34,33
35,287,32,32
54,288,51,50
49,289,47,46
80,290,76,74
26,291,24,23
86,292,81,80
23,293,21,21
33,294,31,30
58,295,55,54
15,296,13,13
56,297,53,52
49,298,46,45
32,299,30,29
35,300,33,32
44,301,41,41
60,302,56,55
62,303,59,57
34,304,32,31
33,305,31,30
52,306,49,48
75,307,72,70
57,308,53,52
41,309,39,38
25,310,23,23
22,311,21,20
31,312,29,29
27,313,25,24
28,314,26,26
28,315,26,26
39,316,37,36
24,317,22,22
33,318,31,31
36,319,34,33
16,320,15,14
15,321,13,13
19,322,17,17
40,323,38,37
35,324,33,32
23,325,21,20
38,326,35,35
33,327,31,30
34,328,32,31
28,329,26,26
19,330,18,17
26,331,24,24
41,332,38,38
93,333,89,87
39,334,37,36
34,335,31,31
44,336,42,41
65,337,61,60
59,338,56,55
42,339,40,39
18,340,16,16
14,341,13,12
25,342,23,22
23,343,21,21
26,344,24,24
28,345,26,26
33,346,30,30
18,347,16,16
30,348,28,27
29,349,27,27
15,350,13,13
14,351,13,12
18,352,16,16
41,353,38,37
34,354,32,31
19,355,18,17
33,356,30,30
25,357,23,22
32,358,30,29
29,359,27,26
18,360,17,16
19,361,17,17
25,362,23,23
42,363,39,38
32,364,30,29
27,365,25,25
33,366,31,30
55,367,52,51
57,368,54,53
39,369,37,36
23,370,22,21
21,371,19,19
44,372,41,40
48,373,45,45
58,374,55,54
28,375,26,26
51,376,48,47
20,377,18,18
27,378,25,24
37,379,34,34
17,380,15,15
16,381,15,15
18,382,17,16
43,383,41,40
41,384,38,38
27,385,25,24
38,386,35,34
33,387,30,30
29,388,27,26
33,389,30,30
21,390,19,18
38,391,36,35
35,392,33,32
77,393,73,71
39,394,37,36
26,395,24,24
32,396,30,30
72,397,68,67
49,398,46,45
52,399,49,48
16,400,15,14
15,401,14,14
21,402,19,18
16,403,15,14
21,404,19,19
21,405,19,19
26,406,24,24
18,407,16,16
23,408,21,20
25,409,24,23
12,410,11,10
10,411,8,8
15,412,13,13
32,413,30,29
30,414,28,27
18,415,17,16
26,416,24,24
22,417,20,20
25,418,23,22
21,419,19,19
22,420,20,19
18,421,17,16
20,422,18,18
15,423,14,14
26,424,24,24
21,425,19,19
27,426,25,25
53,427,50,49
41,428,38,37
36,429,34,33
41,430,39,38
42,431,39,38
46,432,44,43
43,433,40,39
46,434,43,42
61,435,57,56
47,436,44,43
40,437,37,37
31,438,29,28
36,439,33,33
49,440,46,45
38,441,35,34
33,442,30,30
24,443,22,21
29,444,26,26
39,445,36,36
29,446,27,26
24,447,23,22
25,448,23,22
25,449,23,23
NA,450,NA,NA
29,451,27,26
36,452,33,33
27,453,25,24
28,454,26,25
26,455,24,23
31,456,29,28
34,457,32,32
43,458,40,39
42,459,40,39
36,460,34,33
39,461,37,36
54,462,51,50
65,463,62,60
42,464,39,38
34,465,32,31
28,466,26,25
42,467,39,38
29,468,27,26
27,469,25,24
23,470,21,20
26,471,24,23
24,472,23,22
24,473,22,22
25,474,23,23
26,475,24,23
23,476,21,21
NA,477,NA,NA
35,478,33,32
38,479,36,35
27,480,25,25
32,481,30,30
26,482,24,23
33,483,31,30
41,484,39,38
36,485,34,33
37,486,34,34
32,487,30,30
24,488,22,21
50,489,47,46
46,490,43,42
39,491,36,36
30,492,27,27
24,493,22,22
36,494,34,33
26,495,24,23
20,496,18,18
19,497,17,17
26,498,24,24
27,499,25,25
27,500,25,24
27,501,25,25
34,502,31,31
22,503,20,20
NA,504,NA,NA
33,505,31,30
41,506,39,38
25,507,23,23
31,508,29,28
22,509,20,20
29,510,27,26
58,511,55,54
34,512,32,31
41,513,38,37
34,514,31,31
54,515,51,50
59,516,56,55
62,517,59,57
35,518,32,32
21,519,19,19
23,520,21,21
42,521,40,39
35,522,32,32
23,523,21,21
21,524,19,19
27,525,25,25
28,526,26,25
34,527,32,31
29,528,27,27
70,529,66,65
513,530,493,483
NA,531,NA,NA
76,532,72,70
48,533,45,44
49,534,46,45
59,535,56,55
22,536,20,19
30,537,28,28
37,538,35,34
26,539,24,24
32,540,30,29
30,541,28,27
32,542,30,29
43,543,40,40
42,544,40,39
34,545,31,31
24,546,22,21
23,547,21,20
35,548,33,32
21,549,19,19
19,550,17,17
17,551,15,15
21,552,19,19
24,553,22,22
20,554,18,18
19,555,18,17
19,556,17,17
19,557,17,17
NA,558,NA,NA
29,559,27,26
30,560,28,28
22,561,21,20
25,562,23,23
19,563,17,17
26,564,24,23
27,565,24,24
37,566,34,34
32,567,29,29
30,568,27,27
34,569,31,31
27,570,24,24
28,571,26,26
53,572,49,49
46,573,42,42
33,574,30,30
30,575,27,27
19,576,17,17
21,577,19,19
25,578,23,23
29,579,26,26
19,580,17,17
22,581,20,20
26,582,24,24
22,583,19,19
19,584,17,17
22,585,20,20
30,586,27,27
24,587,22,22
32,588,29,29
30,589,28,28
34,590,31,31
23,591,21,21
25,592,23,23
28,593,26,26
28,594,25,25
27,595,25,25
30,596,27,27
28,597,26,26
24,598,21,21
22,599,20,20
32,600,29,29
25,601,22,22
32,602,29,29
47,603,43,43
41,604,38,38
33,605,30,30
26,606,24,24
20,607,18,18
20,608,18,18
24,609,21,21
25,610,23,23
20,611,18,18
19,612,17,17
23,613,21,21
22,614,20,20
20,615,18,18
19,616,17,17
23,617,21,21
24,618,21,21
34,619,31,31
23,620,21,21
33,621,30,30
26,622,24,24
27,623,25,25
26,624,23,23
30,625,28,28
25,626,22,22
25,627,22,22
26,628,24,24
21,629,18,18
20,630,17,17
26,631,24,24
22,632,20,20
28,633,26,26
40,634,37,37
35,635,32,32
27,636,24,24
22,637,20,20
18,638,16,16
19,639,17,17
23,640,20,20
25,641,23,23
18,642,16,16
19,643,17,17
22,644,19,19
19,645,17,17
19,646,17,17
19,647,17,17
20,648,18,18
28,649,25,25
28,650,25,25
19,651,17,17
30,652,27,27
24,653,22,22
25,654,22,22
26,655,23,23
28,656,26,26
24,657,22,22
21,658,19,19
27,659,24,24
22,660,20,20
23,661,20,20
28,662,25,25
21,663,19,19
31,664,28,28
44,665,40,40
32,666,29,29
29,667,26,26
21,668,19,19
16,669,14,14
17,670,15,15
19,671,17,17
20,672,18,18
14,673,12,12
18,674,16,16
20,675,18,18
19,676,17,17
14,677,12,12
19,678,17,17
16,679,14,14
17,680,15,15
24,681,22,22
18,682,16,16
24,683,22,22
19,684,17,17
21,685,19,19
21,686,19,19
20,687,18,18
20,688,18,18
20,689,18,18
21,690,18,18
18,691,16,16
18,692,16,16
23,693,21,21
20,694,18,18
27,695,24,24
38,696,35,35
31,697,28,28
27,698,24,24
22,699,20,20
14,700,13,13
16,701,14,14
19,702,17,17
20,703,18,18
16,704,14,14
18,705,16,16
19,706,17,17
17,707,15,15
16,708,14,14
14,709,12,12
17,710,15,15
19,711,17,17
24,712,22,22
19,713,17,17
25,714,22,22
21,715,19,19
22,716,20,20
21,717,19,19
25,718,23,23
21,719,19,19
22,720,20,19
20,721,18,18
19,722,17,17
26,723,24,23
28,724,26,26
22,725,20,20
25,726,23,23
22,727,20,20
16,728,14,14
13,729,11,11
17,730,15,15
27,731,25,24
30,732,28,27
24,733,22,22
25,734,23,22
32,735,30,29
42,736,39,38
44,737,42,41
30,738,28,28
31,739,29,28
25,740,23,22
18,741,17,16
28,742,26,26
21,743,19,19
22,744,21,20
36,745,34,33
22,746,20,20
31,747,28,28
35,748,33,32
22,749,20,20
22,750,20,20
21,751,19,19
31,752,29,28
27,753,25,25
25,754,23,23
22,755,20,20
20,756,18,18
20,757,18,18
16,758,14,14
17,759,15,15
34,760,31,31
31,761,29,28
26,762,24,24
27,763,25,24
33,764,31,30
46,765,43,42
45,766,43,42
30,767,28,27
34,768,31,31
24,769,22,22
20,770,18,18
25,771,23,23
28,772,26,25
29,773,27,27
38,774,36,35
26,775,24,23
29,776,27,27
32,777,30,29
21,778,19,19
22,779,21,20
22,780,20,20
28,781,26,25
27,782,25,25
23,783,21,21
22,784,20,19
18,785,16,16
18,786,17,16
12,787,11,11
12,788,11,11
28,789,26,25
29,790,27,26
21,791,20,19
22,792,20,20
27,793,25,24
42,794,40,39
51,795,48,47
35,796,33,32
28,797,26,26
21,798,19,19
19,799,17,17
25,800,23,22
23,801,21,20
25,802,23,23
28,803,26,25
17,804,16,15
23,805,21,21
23,806,21,21
16,807,14,14
17,808,15,15
18,809,17,16
21,810,19,18
23,811,22,21
19,812,17,17
17,813,15,15
14,814,12,12
16,815,14,14
9,816,8,8
10,817,8,8
17,818,15,15
21,819,19,19
19,820,17,17
20,821,19,18
21,822,19,19
32,823,30,30
33,824,31,31
23,825,21,21
22,826,20,19
17,827,15,15
12,828,11,10
20,829,18,18
20,830,18,18
20,831,18,18
23,832,21,21
15,833,13,13
22,834,20,20
20,835,18,17
17,836,16,15
16,837,15,14
18,838,16,16
22,839,20,20
22,840,20,20
19,841,17,17
19,842,17,17
16,843,14,14
15,844,13,13
6,845,4,4
10,846,9,9
21,847,19,19
20,848,18,18
16,849,15,14
20,850,18,18
22,851,20,20
38,852,35,34
31,853,29,28
25,854,23,23
24,855,22,21
19,856,18,17
14,857,12,12
22,858,20,19
18,859,16,16
23,860,21,21
27,861,25,25
16,862,14,14
22,863,21,20
25,864,23,22
40,865,37,36
32,866,30,30
37,867,35,34
40,868,37,36
34,869,32,31
27,870,25,24
55,871,52,51
55,872,52,51
36,873,34,33
25,874,23,22
42,875,40,39
26,876,24,24
25,877,23,22
34,878,32,31
14,879,12,12
32,880,29,29
40,881,38,37
37,882,35,34
34,883,31,31
27,884,25,24
16,885,15,14
19,886,18,17
25,887,23,23
23,888,21,21
23,889,21,20
21,890,19,19
27,891,25,24
34,892,31,31
36,893,34,33
42,894,40,39
33,895,31,30
34,896,32,31
27,897,25,25
24,898,23,22
34,899,32,31
28,900,26,25
28,901,26,25
33,902,31,30
35,903,33,32
28,904,26,26
24,905,22,22
37,906,35,34
26,907,24,23
26,908,24,23
38,909,35,34
16,910,14,14
22,911,20,20
35,912,32,32
27,913,25,24
38,914,36,35
23,915,22,21
21,916,20,19
21,917,19,19
21,918,19,19
22,919,20,19
22,920,20,19
27,921,25,24
28,922,26,25
29,923,27,26
34,924,32,31
42,925,39,39
29,926,27,27
29,927,27,26
22,928,21,20
19,929,17,17
22,930,21,20
23,931,21,20
23,932,21,21
27,933,25,25
31,934,29,28
25,935,23,22
21,936,19,19
34,937,31,31
22,938,20,20
24,939,23,22
36,940,34,33
13,941,12,11
20,942,18,18
30,943,28,27
23,944,21,21
31,945,29,28
22,946,20,20
19,947,18,17
19,948,18,17
16,949,15,15
18,950,16,16
20,951,18,18
20,952,19,18
24,953,22,21
25,954,23,22
32,955,30,29
37,956,34,34
26,957,24,24
26,958,24,24
17,959,16,15
15,960,13,13
17,961,16,15
19,962,17,17
19,963,17,17
23,964,21,21
27,965,25,24
20,966,18,18
16,967,15,14
28,968,26,26
17,969,15,15
20,970,18,18
33,971,30,30
13,972,11,11
10,973,9,9
20,974,18,18
15,975,14,13
23,976,21,21
19,977,17,17
14,978,13,12
12,979,11,10
12,980,10,10
12,981,11,11
14,982,13,13
16,983,14,14
19,984,17,17
19,985,18,17
28,986,26,25
26,987,24,24
18,988,16,16
40,989,38,37
25,990,24,23
21,991,19,19
29,992,27,27
21,993,19,18
20,994,18,18
24,995,23,22
22,996,21,20
19,997,18,17
NA,998,NA,NA
NA,999,NA,NA
NA,1000,NA,NA
NA,1001,NA,NA
NA,1002,NA,NA
NA,1003,NA,NA
NA,1004,NA,NA
NA,1005,NA,NA
NA,1006,NA,NA
NA,1007,NA,NA
NA,1008,NA,NA
NA,1009,NA,NA
NA,1010,NA,NA
NA,1011,NA,NA
NA,1012,NA,NA
NA,1013,NA,NA
NA,1014,NA,NA
NA,1015,NA,NA
NA,1016,NA,NA
NA,1017,NA,NA
NA,1018,NA,NA
NA,1019,NA,NA
28,1020,26,25
22,1021,21,20
18,1022,16,16
26,1023,24,24
24,1024,22,22
21,1025,19,19
30,1026,28,27
27,1027,25,24
23,1028,21,21
10,1029,9,8
14,1030,13,12
20,1031,18,18
22,1032,20,20
19,1033,18,17
15,1034,14,13
12,1035,11,11
11,1036,10,10
22,1037,21,20
23,1038,21,21
36,1039,34,33
27,1040,25,25
21,1041,19,19
10,1042,8,8
11,1043,10,10
26,1044,24,23
32,1045,30,29
19,1046,17,17
21,1047,20,19
17,1048,16,15
23,1049,21,20
22,1050,20,20
19,1051,17,17
17,1052,15,15
24,1053,22,21
13,1054,12,12
16,1055,14,14
15,1056,13,13
17,1057,15,15
11,1058,10,10
9,1059,8,8
15,1060,13,13
19,1061,17,17
21,1062,19,19
21,1063,19,18
16,1064,14,14
13,1065,12,11
11,1066,10,10
18,1067,17,16
14,1068,13,12
23,1069,21,21
17,1070,15,15
26,1071,24,24
11,1072,10,10
12,1073,10,10
26,1074,24,23
30,1075,28,27
21,1076,19,19
20,1077,18,17
18,1078,17,16
19,1079,17,17
20,1080,18,18
16,1081,15,14
14,1082,13,12
22,1083,20,19
13,1084,11,11
16,1085,14,14
15,1086,14,13
16,1087,15,14
11,1088,9,9
8,1089,7,6
15,1090,14,14
18,1091,16,16
20,1092,18,18
15,1093,13,13
15,1094,13,13
12,1095,10,10
10,1096,9,9
16,1097,15,15
18,1098,16,16
23,1099,21,20
20,1100,19,18
17,1101,16,16
12,1102,10,10
10,1103,9,9
22,1104,21,20
25,1105,23,23
21,1106,19,19
20,1107,19,18
19,1108,17,17
17,1109,15,15
19,1110,17,17
10,1111,8,8
12,1112,11,10
10,1113,9,9
10,1114,8,8
9,1115,8,8
9,1116,7,7
9,1117,8,8
6,1118,5,5
5,1119,4,4
8,1120,6,6
12,1121,11,11
15,1122,13,13
9,1123,7,7
9,1124,8,7
7,1125,6,6
6,1126,5,5
10,1127,9,9
14,1128,12,12
15,1129,14,14
10,1130,8,8
9,1131,8,7
5,1132,4,4
6,1133,5,5
10,1134,9,9
10,1135,9,9
10,1136,9,8
8,1137,7,7
11,1138,10,9
12,1139,11,11
NA,1140,NA,NA
NA,1141,NA,NA
NA,1142,NA,NA
NA,1143,NA,NA
NA,1144,NA,NA
NA,1145,NA,NA
NA,1146,NA,NA
NA,1147,NA,NA
NA,1148,NA,NA
NA,1149,NA,NA
NA,1150,NA,NA
NA,1151,NA,NA
NA,1152,NA,NA
NA,1153,NA,NA
NA,1154,NA,NA
NA,1155,NA,NA
NA,1156,NA,NA
NA,1157,NA,NA
NA,1158,NA,NA
NA,1159,NA,NA
NA,1160,NA,NA
NA,1161,NA,NA
NA,1162,NA,NA
NA,1163,NA,NA
NA,1164,NA,NA
NA,1165,NA,NA
NA,1166,NA,NA
NA,1167,NA,NA
NA,1168,NA,NA
NA,1169,NA,NA
6,1170,5,5
5,1171,4,4
7,1172,6,6
7,1173,6,6
9,1174,7,7
9,1175,8,8
9,1176,8,8
11,1177,9,9
10,1178,8,8
19,1179,17,17
33,1180,30,30
29,1181,27,27
19,1182,17,17
11,1183,9,9
18,1184,17,16
19,1185,18,17
26,1186,24,24
29,1187,27,26
12,1188,10,10
14,1189,12,12
13,1190,11,11
14,1191,12,12
27,1192,25,25
95,1193,91,89
103,1194,98,96
66,1195,62,61
28,1196,26,26
16,1197,15,14
13,1198,11,11
18,1199,16,16
22,1200,20,20
21,1201,19,19
18,1202,17,16
18,1203,17,16
26,1204,24,23
22,1205,20,20
27,1206,25,25
24,1207,22,22
17,1208,15,15
25,1209,23,23
23,1210,21,21
14,1211,12,12
10,1212,9,9
16,1213,15,15
17,1214,15,15
22,1215,20,20
23,1216,21,20
12,1217,10,10
14,1218,13,12
13,1219,11,11
13,1220,11,11
34,1221,32,31
101,1222,96,94
105,1223,100,98
62,1224,58,57
27,1225,25,24
16,1226,15,14
15,1227,13,13
18,1228,17,16
18,1229,16,16
28,1230,26,25
16,1231,15,14
17,1232,16,15
27,1233,25,24
18,1234,16,16
22,1235,20,20
18,1236,16,16
14,1237,12,12
24,1238,22,21
22,1239,21,20
12,1240,11,11
10,1241,9,8
14,1242,13,13
20,1243,19,18
23,1244,21,21
23,1245,21,21
17,1246,15,15
23,1247,21,21
14,1248,13,12
13,1249,12,12
26,1250,24,24
97,1251,92,90
102,1252,98,96
60,1253,57,56
28,1254,26,25
19,1255,17,17
15,1256,14,14
17,1257,15,15
20,1258,18,18
21,1259,19,19
18,1260,16,16
22,1261,20,19
24,1262,22,22
18,1263,16,16
23,1264,21,21
21,1265,19,19
10,1266,9,9
17,1267,15,15
14,1268,13,12
8,1269,7,7
6,1270,5,5
8,1271,7,7
7,1272,6,6
15,1273,13,13
14,1274,13,13
5,1275,4,4
6,1276,5,5
6,1277,5,5
7,1278,6,6
19,1279,18,17
95,1280,90,89
107,1281,102,100
61,1282,57,56
18,1283,16,16
8,1284,7,7
14,1285,13,13
10,1286,9,8
13,1287,11,11
9,1288,8,8
9,1289,8,8
12,1290,11,11
16,1291,15,14
17,1292,15,15
18,1293,16,16
19,1294,18,17
NA,1295,NA,NA
NA,1296,NA,NA
NA,1297,NA,NA
NA,1298,NA,NA
NA,1299,NA,NA
NA,1300,NA,NA
NA,1301,NA,NA
NA,1302,NA,NA
NA,1303,NA,NA
NA,1304,NA,NA
NA,1305,NA,NA
NA,1306,NA,NA
NA,1307,NA,NA
NA,1308,NA,NA
161,1309,154,151
100,1310,95,93
48,1311,45,44
20,1312,18,18
13,1313,11,11
11,1314,10,10
13,1315,12,11
14,1316,12,12
11,1317,9,9
10,1318,9,9
14,1319,12,12
18,1320,17,16
15,1321,14,13
17,1322,16,15
13,1323,12,12
9,1324,8,7
13,1325,12,11
8,1326,7,7
7,1327,6,6
7,1328,6,5
12,1329,11,11
12,1330,11,10
9,1331,7,7
12,1332,11,11
5,1333,4,4
8,1334,7,7
8,1335,7,7
8,1336,7,7
12,1337,11,11
83,1338,79,77
86,1339,82,81
40,1340,38,37
8,1341,7,7
7,1342,6,6
12,1343,10,10
9,1344,8,7
10,1345,9,9
7,1346,6,6
9,1347,8,8
11,1348,10,10
15,1349,14,13
13,1350,12,12
14,1351,12,12
12,1352,11,10
16,1353,14,14
21,1354,19,19
19,1355,18,17
18,1356,16,16
13,1357,12,12
23,1358,21,20
30,1359,28,28
33,1360,30,30
32,1361,30,30
16,1362,15,14
14,1363,12,12
20,1364,18,18
25,1365,23,22
33,1366,31,30
38,1367,36,35
34,1368,32,32
30,1369,28,28
17,1370,15,15
17,1371,15,15
19,1372,17,17
37,1373,34,33
56,1374,52,51
68,1375,64,63
94,1376,90,88
32,1377,30,29
19,1378,18,17
26,1379,24,24
28,1380,26,25
36,1381,33,33
18,1382,16,16
21,1383,19,19
21,1384,20,19
20,1385,18,18
17,1386,16,15
22,1387,21,20
26,1388,24,24
37,1389,35,34
28,1390,26,25
17,1391,16,15
14,1392,13,12
19,1393,17,17
13,1394,11,11
29,1395,27,26
41,1396,39,38
37,1397,34,34
27,1398,25,25
14,1399,12,12
14,1400,12,12
15,1401,14,13
28,1402,26,26
51,1403,48,47
52,1404,49,48
104,1405,99,97
21,1406,19,19
17,1407,15,15
32,1408,30,29
26,1409,24,24
40,1410,37,37
18,1411,16,16
20,1412,18,18
22,1413,20,20
20,1414,18,18
18,1415,16,16
19,1416,18,17
31,1417,29,28
29,1418,27,27
25,1419,23,23
15,1420,13,13
13,1421,12,12
17,1422,15,15
19,1423,18,17
21,1424,19,19
25,1425,23,22
28,1426,26,25
25,1427,23,23
15,1428,13,13
11,1429,9,9
14,1430,12,12
27,1431,25,24
48,1432,45,44
51,1433,49,48
100,1434,95,93
18,1435,17,16
17,1436,16,15
26,1437,24,24
19,1438,17,17
31,1439,29,28
18,1440,17,16
16,1441,14,14
16,1442,14,14
14,1443,12,12
10,1444,9,8
16,1445,15,14
16,1446,15,14
19,1447,17,17
18,1448,17,16
10,1449,9,9
9,1450,8,8
12,1451,11,10
10,1452,9,8
14,1453,13,12
19,1454,17,17
22,1455,20,20
12,1456,11,11
11,1457,9,9
9,1458,8,8
10,1459,9,9
14,1460,12,12
39,1461,37,36
52,1462,50,49
97,1463,92,90
14,1464,13,12
9,1465,8,8
17,1466,15,15
9,1467,7,7
11,1468,9,9
16,1469,14,14
20,1470,18,18
34,1471,31,31
14,1472,13,13
13,1473,12,12
4,1474,3,3
20,1475,19,18
43,1476,40,39
16,1477,15,14
9,1478,8,8
10,1479,8,8
16,1480,14,14
12,1481,11,10
17,1482,15,15
25,1483,23,23
27,1484,25,24
16,1485,15,14
12,1486,11,10
16,1487,14,14
25,1488,23,23
19,1489,17,17
42,1490,40,39
32,1491,29,29
NA,1492,NA,NA
NA,1493,NA,NA
NA,1494,NA,NA
NA,1495,NA,NA
9,1496,8,8
18,1497,17,16
15,1498,13,13
13,1499,11,11
12,1500,10,10
12,1501,10,10
11,1502,9,9
15,1503,13,13
11,1504,10,10
16,1505,14,14
13,1506,11,11
8,1507,7,7
7,1508,5,5
9,1509,8,8
9,1510,8,8
9,1511,7,7
12,1512,11,11
15,1513,13,13
12,1514,10,10
9,1515,7,7
8,1516,6,6
10,1517,9,8
10,1518,9,9
2,1519,1,1
43,1520,40,39
113,1521,108,105
13,1522,11,11
9,1523,8,8
13,1524,12,11
8,1525,7,7
9,1526,8,8
22,1527,20,20
20,1528,19,18
36,1529,33,33
48,1530,45,45
24,1531,22,22
34,1532,32,31
34,1533,32,31
28,1534,26,25
31,1535,29,28
29,1536,27,27
27,1537,25,24
19,1538,17,17
29,1539,27,26
39,1540,37,36
28,1541,26,26
23,1542,21,20
32,1543,29,29
16,1544,14,14
25,1545,23,23
35,1546,32,32
37,1547,34,34
31,1548,29,28
36,1549,33,33
40,1550,38,37
40,1551,37,37
36,1552,34,33
34,1553,32,31
35,1554,32,32
76,1555,72,70
26,1556,24,23
21,1557,19,19
40,1558,38,37
46,1559,44,43
22,1560,20,19
30,1561,28,27
31,1562,29,28
26,1563,24,24
28,1564,26,25
25,1565,24,23
27,1566,25,25
22,1567,21,20
28,1568,26,26
41,1569,39,38
25,1570,23,23
20,1571,18,18
31,1572,28,28
18,1573,17,16
22,1574,20,19
26,1575,24,23
35,1576,32,32
33,1577,31,30
35,1578,33,32
39,1579,37,36
40,1580,37,37
28,1581,26,25
27,1582,25,25
29,1583,27,26
79,1584,75,73
19,1585,18,17
17,1586,15,15
37,1587,34,34
49,1588,46,45
25,1589,23,23
29,1590,27,26
23,1591,21,20
24,1592,22,22
25,1593,23,23
28,1594,26,26
24,1595,23,22
20,1596,19,18
28,1597,26,25
34,1598,32,31
26,1599,24,24
20,1600,18,18
31,1601,28,28
18,1602,16,16
22,1603,20,20
29,1604,27,26
30,1605,28,28
31,1606,29,29
37,1607,34,34
37,1608,35,34
34,1609,32,31
34,1610,32,31
31,1611,29,29
28,1612,26,26
72,1613,68,67
11,1614,10,10
7,1615,6,6
21,1616,19,19
43,1617,41,40
11,1618,10,10
18,1619,16,16
16,1620,14,14
18,1621,17,16
20,1622,18,18
14,1623,13,12
19,1624,17,17
17,1625,16,15
18,1626,17,16
28,1627,26,25
22,1628,20,20
17,1629,16,15
25,1630,23,23
13,1631,11,11
17,1632,15,15
23,1633,21,20
23,1634,21,20
26,1635,24,24
25,1636,23,23
31,1637,29,28
31,1638,28,28
21,1639,20,19
21,1640,19,19
21,1641,19,19
72,1642,68,67
13,1643,12,12
12,1644,11,11
24,1645,22,21
44,1646,41,40
4,1647,3,3
23,1648,21,20
8,1649,7,7
18,1650,16,16
17,1651,16,16
18,1652,16,16
17,1653,15,15
16,1654,14,14
17,1655,16,16
31,1656,29,29
24,1657,23,22
NA,1658,NA,NA
18,1659,16,16
14,1660,13,12
9,1661,8,8
12,1662,10,10
1,1663,0,0
13,1664,11,11
20,1665,19,18
23,1666,21,21
34,1667,32,31
26,1668,24,23
18,1669,17,16
17,1670,16,15
61,1671,58,57
10,1672,9,8
9,1673,8,7
20,1674,18,18
35,1675,33,32
10,1676,9,8
17,1677,15,15
13,1678,12,12
17,1679,16,15
20,1680,18,18
11,1681,10,10
14,1682,13,12
7,1683,6,6
16,1684,14,14
21,1685,20,19
22,1686,21,20
22,1687,21,20
25,1688,23,22
10,1689,9,9
13,1690,11,11
15,1691,14,13
19,1692,17,17
23,1693,21,20
19,1694,18,17
22,1695,20,19
26,1696,24,24
14,1697,13,12
19,1698,17,17
16,1699,14,14
61,1700,58,57
34,1701,31,31
23,1702,21,21
21,1703,19,19
27,1704,25,24
31,1705,29,28
19,1706,17,17
18,1707,16,16
22,1708,20,20
29,1709,27,26
34,1710,31,31
35,1711,33,32
38,1712,35,34
29,1713,27,26
25,1714,23,23
24,1715,22,21
26,1716,24,24
31,1717,29,28
24,1718,22,22
23,1719,21,21
20,1720,18,17
23,1721,21,21
29,1722,27,26
23,1723,21,21
30,1724,28,28
19,1725,17,17
17,1726,15,15
17,1727,16,15
18,1728,17,16
19,1729,17,17
18,1730,16,16
16,1731,14,14
35,1732,33,32
27,1733,25,24
17,1734,16,15
26,1735,24,24
31,1736,29,29
19,1737,17,17
15,1738,14,14
17,1739,16,16
24,1740,22,22
27,1741,25,24
36,1742,34,33
38,1743,36,35
27,1744,25,25
24,1745,22,22
19,1746,17,17
23,1747,21,21
29,1748,27,27
26,1749,24,23
22,1750,20,20
16,1751,15,14
21,1752,19,19
27,1753,25,25
22,1754,20,19
28,1755,26,25
16,1756,14,14
13,1757,12,11
15,1758,14,13
15,1759,13,13
18,1760,16,16
18,1761,16,16
14,1762,13,12
32,1763,30,29
36,1764,33,33
18,1765,16,16
27,1766,25,24
26,1767,24,24
20,1768,18,18
16,1769,14,14
15,1770,13,13
23,1771,21,21
25,1772,23,23
33,1773,30,30
38,1774,35,35
27,1775,25,24
21,1776,19,19
15,1777,14,14
23,1778,21,21
30,1779,28,27
24,1780,22,22
22,1781,20,19
16,1782,15,14
22,1783,20,20
28,1784,26,26
22,1785,20,20
29,1786,27,27
16,1787,15,14
13,1788,12,12
17,1789,16,15
15,1790,14,13
18,1791,17,16
18,1792,16,16
14,1793,13,12
30,1794,28,28
15,1795,13,13
10,1796,9,9
16,1797,15,14
12,1798,11,11
9,1799,8,8
8,1800,7,7
11,1801,10,10
16,1802,14,14
21,1803,19,19
31,1804,29,29
32,1805,29,29
25,1806,23,22
19,1807,17,17
14,1808,13,12
18,1809,16,16
24,1810,23,22
18,1811,17,16
18,1812,16,16
13,1813,12,12
17,1814,15,15
25,1815,23,22
18,1816,17,16
23,1817,21,21
12,1818,11,10
10,1819,9,8
12,1820,10,10
12,1821,10,10
13,1822,12,12
15,1823,13,13
9,1824,8,8
26,1825,24,24
20,1826,18,18
11,1827,10,10
19,1828,17,17
19,1829,17,17
15,1830,13,13
11,1831,9,9
10,1832,8,8
16,1833,14,14
19,1834,17,17
28,1835,26,26
26,1836,24,23
19,1837,18,17
17,1838,15,15
13,1839,12,11
20,1840,18,18
23,1841,21,21
20,1842,18,18
18,1843,16,16
14,1844,12,12
19,1845,18,17
25,1846,23,22
19,1847,17,17
20,1848,19,18
12,1849,11,10
8,1850,7,7
11,1851,10,9
12,1852,10,10
13,1853,11,11
15,1854,13,13
11,1855,9,9
24,1856,22,22
13,1857,11,11
8,1858,7,7
15,1859,14,14
12,1860,11,10
8,1861,7,7
8,1862,7,7
10,1863,8,8
13,1864,12,12
17,1865,15,15
26,1866,24,23
21,1867,19,19
19,1868,18,17
18,1869,16,16
13,1870,11,11
10,1871,8,8
18,1872,16,16
14,1873,12,12
19,1874,17,17
13,1875,11,11
17,1876,16,16
22,1877,20,20
17,1878,15,15
19,1879,17,17
11,1880,9,9
10,1881,8,8
12,1882,11,10
13,1883,11,11
13,1884,12,12
14,1885,13,12
11,1886,9,9
22,1887,20,20
18,1888,16,16
18,1889,17,16
15,1890,13,13
13,1891,12,12
15,1892,14,13
17,1893,15,15
15,1894,14,13
18,1895,17,16
21,1896,19,19
22,1897,20,20
19,1898,18,17
13,1899,12,12
17,1900,15,15
25,1901,23,23
30,1902,28,27
26,1903,24,24
25,1904,23,22
9,1905,8,8
7,1906,6,6
4,1907,3,3
16,1908,14,14
18,1909,16,16
19,1910,18,17
15,1911,13,13
13,1912,12,12
17,1913,15,15
12,1914,10,10
16,1915,14,14
19,1916,17,17
18,1917,16,16
15,1918,14,13
19,1919,17,17
17,1920,16,16
15,1921,13,13
16,1922,15,15
18,1923,16,16
17,1924,15,15
19,1925,17,17
23,1926,21,21
22,1927,20,20
20,1928,18,18
12,1929,10,10
15,1930,14,13
25,1931,23,22
30,1932,28,28
26,1933,24,23
26,1934,24,24
8,1935,7,7
8,1936,7,6
6,1937,5,5
12,1938,11,11
17,1939,15,15
19,1940,18,17
15,1941,14,13
12,1942,11,10
16,1943,14,14
11,1944,9,9
16,1945,14,14
19,1946,17,17
19,1947,17,17
14,1948,13,13
18,1949,16,16
17,1950,15,15
15,1951,13,13
15,1952,14,14
18,1953,16,16
15,1954,13,13
18,1955,16,16
22,1956,20,20
21,1957,19,19
20,1958,18,18
11,1959,10,10
14,1960,13,12
26,1961,24,23
33,1962,30,30
28,1963,26,25
26,1964,24,24
9,1965,7,7
8,1966,7,7
5,1967,4,4
12,1968,11,11
17,1969,16,15
20,1970,18,18
17,1971,15,15
12,1972,10,10
19,1973,17,17
11,1974,10,10
14,1975,13,13
20,1976,18,18
12,1977,11,10
9,1978,7,7
11,1979,9,9
11,1980,9,9
10,1981,8,8
10,1982,9,9
12,1983,10,10
12,1984,11,10
14,1985,13,13
16,1986,15,15
17,1987,16,15
14,1988,12,12
8,1989,7,7
9,1990,8,7
19,1991,17,17
24,1992,22,21
20,1993,18,17
20,1994,18,18
4,1995,3,3
3,1996,2,2
2,1997,1,1
7,1998,6,6
12,1999,10,10
14,2000,12,12
11,2001,10,9
8,2002,7,7
9,2003,8,8
8,2004,6,6
10,2005,8,8
10,2006,8,8
14,2007,12,12
11,2008,10,9
13,2009,11,11
13,2010,12,12
12,2011,10,10
12,2012,11,11
14,2013,13,12
12,2014,11,10
18,2015,17,16
17,2016,15,15
18,2017,16,16
16,2018,14,14
9,2019,8,8
11,2020,9,9
20,2021,18,18
26,2022,24,24
21,2023,19,19
23,2024,21,21
7,2025,6,6
7,2026,5,5
4,2027,3,3
10,2028,8,8
14,2029,13,13
15,2030,13,13
16,2031,14,14
11,2032,9,9
12,2033,11,11
10,2034,8,8
34,2035,31,31
11,2036,10,9
9,2037,8,8
11,2038,10,10
13,2039,11,11
13,2040,11,11
13,2041,11,11
13,2042,12,12
13,2043,11,11
12,2044,11,10
14,2045,13,12
18,2046,16,16
18,2047,16,16
17,2048,16,15
9,2049,7,7
9,2050,8,8
17,2051,15,15
22,2052,20,19
17,2053,16,15
17,2054,15,15
3,2055,2,2
5,2056,4,4
2,2057,1,1
8,2058,7,7
12,2059,11,11
11,2060,10,9
NA,2061,NA,NA
11,2062,9,9
10,2063,9,9
9,2064,8,8
11,2065,10,9
13,2066,11,11
15,2067,14,13
14,2068,13,12
12,2069,11,11
21,2070,19,19
20,2071,18,18
25,2072,23,23
18,2073,17,16
18,2074,16,16
22,2075,20,20
26,2076,24,24
17,2077,16,15
14,2078,13,12
13,2079,12,12
16,2080,15,14
14,2081,12,12
11,2082,10,10
15,2083,13,13
24,2084,22,21
23,2085,21,21
25,2086,23,23
34,2087,32,31
31,2088,28,28
22,2089,20,20
21,2090,19,19
28,2091,26,25
29,2092,27,26
22,2093,20,20
21,2094,19,19
27,2095,25,25
16,2096,14,14
17,2097,15,15
16,2098,15,14
14,2099,13,13
14,2100,12,12
23,2101,21,21
23,2102,21,21
28,2103,26,26
20,2104,19,18
20,2105,18,18
26,2106,24,23
27,2107,25,24
15,2108,14,13
13,2109,12,12
17,2110,15,15
17,2111,15,15
15,2112,13,13
11,2113,10,10
15,2114,13,13
26,2115,24,23
27,2116,25,25
35,2117,33,32
40,2118,38,37
32,2119,29,29
22,2120,20,20
23,2121,21,21
31,2122,29,28
31,2123,29,28
27,2124,25,24
26,2125,24,24
30,2126,28,27
18,2127,16,16
16,2128,14,14
14,2129,13,12
14,2130,12,12
11,2131,10,9
19,2132,17,17
21,2133,20,19
24,2134,22,22
19,2135,17,17
18,2136,17,16
24,2137,22,22
25,2138,23,23
14,2139,12,12
13,2140,12,11
16,2141,15,14
20,2142,18,18
19,2143,17,17
10,2144,9,9
13,2145,11,11
21,2146,19,19
26,2147,24,24
36,2148,34,33
33,2149,31,31
27,2150,25,25
19,2151,17,17
18,2152,16,16
25,2153,23,22
26,2154,24,24
22,2155,20,19
18,2156,17,16
22,2157,21,20
16,2158,14,14
12,2159,11,10
7,2160,6,6
9,2161,8,8
7,2162,6,6
14,2163,12,12
17,2164,15,15
21,2165,19,19
11,2166,10,9
13,2167,11,11
17,2168,15,15
20,2169,19,18
7,2170,5,5
9,2171,8,8
11,2172,9,9
10,2173,9,9
8,2174,7,7
7,2175,6,6
9,2176,8,8
16,2177,14,14
17,2178,15,15
19,2179,17,17
19,2180,17,17
19,2181,17,17
13,2182,11,11
14,2183,13,12
18,2184,16,16
19,2185,17,17
16,2186,14,14
15,2187,13,13
17,2188,15,15
11,2189,10,10
8,2190,7,7
9,2191,7,7
10,2192,9,9
9,2193,7,7
14,2194,13,12
16,2195,15,15
18,2196,16,16
15,2197,13,13
14,2198,12,12
20,2199,18,18
21,2200,19,19
12,2201,10,10
12,2202,10,10
12,2203,11,10
13,2204,12,11
11,2205,9,9
9,2206,8,8
12,2207,10,10
19,2208,17,17
20,2209,18,18
26,2210,24,23
28,2211,26,25
20,2212,19,18
15,2213,14,14
15,2214,14,13
22,2215,20,20
18,2216,17,16
16,2217,14,14
15,2218,13,13
18,2219,16,16
12,2220,11,10
9,2221,8,8
10,2222,9,9
10,2223,9,9
9,2224,8,8
11,2225,10,9
15,2226,13,13
18,2227,16,16
13,2228,11,11
14,2229,12,12
17,2230,16,15
8,2231,7,7
10,2232,8,8
10,2233,9,9
4,2234,3,3
9,2235,8,7
10,2236,9,9
8,2237,7,7
12,2238,11,10
17,2239,15,15
17,2240,15,15
18,2241,17,16
15,2242,14,14
16,2243,14,14
13,2244,12,11
15,2245,13,13
18,2246,16,16
17,2247,15,15
16,2248,14,14
12,2249,11,11
16,2250,14,14
12,2251,11,11
10,2252,8,8
17,2253,15,15
19,2254,17,17
21,2255,19,19
17,2256,15,15
16,2257,14,14
19,2258,17,17
12,2259,10,10
11,2260,9,9
12,2261,11,11
13,2262,12,12
18,2263,16,16
31,2264,29,29
20,2265,18,18
22,2266,20,19
27,2267,25,24
16,2268,14,14
17,2269,16,16
13,2270,11,11
14,2271,12,12
21,2272,20,19
23,2273,21,21
23,2274,21,21
42,2275,39,38
516,2276,496,486
22,2277,21,20
25,2278,23,23
29,2279,27,27
41,2280,39,38
33,2281,31,30
27,2282,25,24
19,2283,17,17
20,2284,18,18
23,2285,21,21
19,2286,17,17
21,2287,19,19
23,2288,21,20
13,2289,12,12
15,2290,13,13
16,2291,14,14
17,2292,16,15
22,2293,20,19
30,2294,28,28
18,2295,16,16
18,2296,17,16
26,2297,24,24
16,2298,15,14
18,2299,16,16
14,2300,12,12
17,2301,15,15
20,2302,18,18
24,2303,22,22
27,2304,25,25
35,2305,32,32
53,2306,50,49
23,2307,21,21
27,2308,25,24
29,2309,27,26
37,2310,34,34
34,2311,32,31
24,2312,22,21
15,2313,14,13
19,2314,17,17
20,2315,18,18
16,2316,14,14
20,2317,18,18
20,2318,18,18
11,2319,10,10
13,2320,11,11
16,2321,14,14
16,2322,15,14
20,2323,19,18
28,2324,26,25
14,2325,13,12
14,2326,13,13
21,2327,19,19
16,2328,14,14
16,2329,15,14
13,2330,11,11
16,2331,15,14
19,2332,18,17
21,2333,19,19
25,2334,23,22
24,2335,22,22
35,2336,33,32
18,2337,17,16
22,2338,20,20
25,2339,23,23
30,2340,28,28
27,2341,25,25
20,2342,18,18
11,2343,10,10
13,2344,11,11
14,2345,12,12
11,2346,10,9
10,2347,8,8
14,2348,12,12
8,2349,7,7
6,2350,5,5
8,2351,7,7
8,2352,7,7
13,2353,12,12
16,2354,14,14
9,2355,8,8
9,2356,8,8
14,2357,13,12
8,2358,7,7
10,2359,9,9
8,2360,7,6
9,2361,7,7
12,2362,10,10
16,2363,14,14
17,2364,16,15
16,2365,14,14
41,2366,39,38
15,2367,14,13
16,2368,14,14
20,2369,18,18
25,2370,23,22
22,2371,20,19
14,2372,13,12
14,2373,13,12
14,2374,12,12
15,2375,14,13
11,2376,9,9
15,2377,14,13
17,2378,16,15
10,2379,9,9
8,2380,7,6
10,2381,9,9
11,2382,10,9
17,2383,15,15
19,2384,17,17
12,2385,11,11
14,2386,13,12
17,2387,16,16
10,2388,9,8
12,2389,11,10
9,2390,8,8
11,2391,10,10
16,2392,14,14
17,2393,15,15
18,2394,17,16
17,2395,16,15
29,2396,26,26
16,2397,15,14
15,2398,13,13
22,2399,20,20
28,2400,26,25
22,2401,21,20
16,2402,15,14
11,2403,9,9
9,2404,7,7
13,2405,11,11
9,2406,8,8
12,2407,10,10
14,2408,13,12
9,2409,8,7
8,2410,6,6
8,2411,7,7
10,2412,9,9
13,2413,12,12
15,2414,13,13
12,2415,10,10
12,2416,11,11
16,2417,14,14
8,2418,7,7
10,2419,9,9
9,2420,8,7
10,2421,9,9
14,2422,13,13
17,2423,15,15
17,2424,15,15
15,2425,13,13
14,2426,12,12
14,2427,12,12
15,2428,14,14
21,2429,19,19
25,2430,23,22
22,2431,21,20
16,2432,14,14
27,2433,25,24
30,2434,28,28
22,2435,20,20
20,2436,18,18
23,2437,21,20
25,2438,23,22
24,2439,22,22
28,2440,26,25
25,2441,23,22
29,2442,26,26
33,2443,30,30
23,2444,21,21
25,2445,23,22
27,2446,25,25
33,2447,30,30
21,2448,19,19
22,2449,21,20
21,2450,20,19
21,2451,19,19
24,2452,22,22
22,2453,20,19
24,2454,22,22
30,2455,28,27
36,2456,34,33
29,2457,27,26
22,2458,20,20
31,2459,28,28
30,2460,28,27
26,2461,24,23
31,2462,29,28
35,2463,33,32
30,2464,28,28
28,2465,26,25
21,2466,19,19
19,2467,18,17
25,2468,23,22
31,2469,29,28
27,2470,25,24
30,2471,28,27
26,2472,24,24
30,2473,28,27
26,2474,24,24
23,2475,21,21
24,2476,22,22
25,2477,23,22
29,2478,27,26
23,2479,21,21
24,2480,22,21
22,2481,21,20
21,2482,19,18
22,2483,20,20
22,2484,20,20
23,2485,21,21
33,2486,31,30
32,2487,30,29
25,2488,23,23
20,2489,19,18
27,2490,25,24
31,2491,29,28
27,2492,25,25
30,2493,28,27
32,2494,30,30
27,2495,25,25
22,2496,21,20
19,2497,17,17
18,2498,16,16
21,2499,19,19
28,2500,26,26
23,2501,21,21
27,2502,25,24
22,2503,21,20
26,2504,24,23
24,2505,22,21
15,2506,13,13
22,2507,20,20
21,2508,19,19
24,2509,22,22
20,2510,18,18
20,2511,19,18
21,2512,19,19
17,2513,16,15
20,2514,18,18
21,2515,19,19
21,2516,19,18
29,2517,27,26
30,2518,28,28
21,2519,20,19
20,2520,18,18
24,2521,22,21
29,2522,27,26
27,2523,25,24
27,2524,25,25
35,2525,33,32
21,2526,19,19
17,2527,16,15
13,2528,11,11
14,2529,13,13
15,2530,14,13
18,2531,16,16
19,2532,18,17
20,2533,18,18
19,2534,17,17
21,2535,19,18
19,2536,17,17
13,2537,12,12
16,2538,14,14
15,2539,13,13
17,2540,16,15
15,2541,13,13
14,2542,13,13
16,2543,14,14
14,2544,12,12
12,2545,11,11
14,2546,12,12
16,2547,14,14
21,2548,19,19
23,2549,22,21
18,2550,16,16
15,2551,14,14
19,2552,17,17
22,2553,20,19
21,2554,19,19
22,2555,20,20
24,2556,22,21
25,2557,23,22
17,2558,16,15
19,2559,17,17
15,2560,14,14
18,2561,17,16
25,2562,23,23
18,2563,17,16
22,2564,20,20
18,2565,17,16
23,2566,21,21
22,2567,20,20
10,2568,9,9
20,2569,19,18
19,2570,18,17
18,2571,16,16
16,2572,15,15
16,2573,14,14
18,2574,17,16
15,2575,13,13
17,2576,15,15
18,2577,16,16
17,2578,16,15
26,2579,25,24
28,2580,26,25
20,2581,18,18
17,2582,15,15
19,2583,18,17
29,2584,27,27
20,2585,18,17
28,2586,26,26
NA,2587,NA,NA
20,2588,18,18
16,2589,14,14
6,2590,5,5
13,2591,12,12
16,2592,14,14
20,2593,18,17
18,2594,16,16
19,2595,17,17
18,2596,17,16
20,2597,18,18
19,2598,17,17
14,2599,12,12
17,2600,15,15
16,2601,15,14
17,2602,16,15
14,2603,12,12
14,2604,12,12
16,2605,15,14
13,2606,12,12
15,2607,13,13
15,2608,14,13
15,2609,14,13
19,2610,18,17
22,2611,20,20
18,2612,17,16
17,2613,15,15
16,2614,14,14
25,2615,23,22
19,2616,18,17
21,2617,20,19
21,2618,19,19
33,2619,31,30
28,2620,26,26
16,2621,14,14
20,2622,18,18
22,2623,21,20
25,2624,24,23
28,2625,26,25
26,2626,24,24
34,2627,31,31
42,2628,39,38
28,2629,26,26
33,2630,31,30
26,2631,24,23
27,2632,25,24
21,2633,20,19
31,2634,28,28
25,2635,23,23
27,2636,25,24
22,2637,20,20
24,2638,22,22
28,2639,26,25
35,2640,33,32
27,2641,25,24
25,2642,23,23
25,2643,23,23
10,2644,9,8
13,2645,11,11
15,2646,13,13
32,2647,30,30
27,2648,25,24
19,2649,17,17
21,2650,19,19
23,2651,21,21
25,2652,24,23
29,2653,27,27
29,2654,27,26
33,2655,31,31
42,2656,40,39
29,2657,27,27
32,2658,30,30
27,2659,25,25
24,2660,22,21
23,2661,21,21
26,2662,24,23
26,2663,24,23
29,2664,27,26
23,2665,21,20
22,2666,20,20
23,2667,21,21
31,2668,29,28
24,2669,22,22
23,2670,21,20
22,2671,20,20
10,2672,8,8
12,2673,11,11
13,2674,11,11
28,2675,26,25
21,2676,20,19
19,2677,17,17
22,2678,20,19
24,2679,22,21
24,2680,22,22
28,2681,26,25
29,2682,27,27
32,2683,30,29
37,2684,35,34
27,2685,25,24
27,2686,25,25
25,2687,23,22
22,2688,20,19
19,2689,18,17
22,2690,20,20
22,2691,20,20
27,2692,25,24
17,2693,15,15
20,2694,18,18
22,2695,20,20
28,2696,26,26
25,2697,23,22
19,2698,18,17
21,2699,20,19
9,2700,8,8
11,2701,10,10
13,2702,12,11
22,2703,20,20
22,2704,20,20
12,2705,11,11
14,2706,13,12
16,2707,15,15
18,2708,16,16
21,2709,20,19
18,2710,17,16
26,2711,24,24
34,2712,32,31
24,2713,22,22
24,2714,22,21
21,2715,19,19
15,2716,14,14
19,2717,17,17
20,2718,19,18
17,2719,16,15
22,2720,20,20
18,2721,16,16
18,2722,16,16
18,2723,17,16
20,2724,18,18
16,2725,15,14
15,2726,14,14
16,2727,14,14
6,2728,5,4
9,2729,8,7
9,2730,8,8
NA,2731,NA,NA
NA,2732,NA,NA
14,2733,12,12
14,2734,13,12
17,2735,16,15
19,2736,18,17
24,2737,22,22
23,2738,22,21
28,2739,26,26
33,2740,31,30
22,2741,20,20
25,2742,23,22
23,2743,22,21
18,2744,17,16
17,2745,15,15
19,2746,18,17
19,2747,17,17
22,2748,20,20
17,2749,15,15
17,2750,15,15
17,2751,15,15
25,2752,23,23
18,2753,16,16
24,2754,22,21
13,2755,12,12
8,2756,7,7
10,2757,8,8
10,2758,9,8
24,2759,22,22
20,2760,18,18
12,2761,10,10
12,2762,11,10
15,2763,14,13
16,2764,15,14
16,2765,14,14
22,2766,20,20
24,2767,22,22
30,2768,28,28
21,2769,19,19
24,2770,22,21
22,2771,20,20
16,2772,15,15
16,2773,15,15
15,2774,13,13
16,2775,14,14
17,2776,16,15
15,2777,13,13
14,2778,13,13
16,2779,15,14
16,2780,15,14
13,2781,12,12
13,2782,11,11
14,2783,13,12
NA,2784,NA,NA
NA,2785,NA,NA
5,2786,4,3
17,2787,16,15
21,2788,19,19
23,2789,21,21
24,2790,22,22
21,2791,19,19
23,2792,21,20
16,2793,14,14
19,2794,17,17
19,2795,17,17
17,2796,16,15
18,2797,16,16
NA,2798,NA,NA
23,2799,21,20
30,2800,28,27
28,2801,26,26
35,2802,33,32
44,2803,41,40
38,2804,36,35
27,2805,25,24
12,2806,10,10
18,2807,16,16
19,2808,17,17
26,2809,24,24
25,2810,24,23
31,2811,29,28
13,2812,11,11
12,2813,11,11
24,2814,22,21
26,2815,24,23
28,2816,26,25
19,2817,17,17
18,2818,17,16
22,2819,20,19
24,2820,22,22
18,2821,16,16
22,2822,20,20
16,2823,15,14
19,2824,17,17
20,2825,18,17
17,2826,15,15
17,2827,15,15
NA,2828,NA,NA
24,2829,22,21
32,2830,30,30
25,2831,24,23
35,2832,32,32
42,2833,40,39
34,2834,31,31
24,2835,22,22
10,2836,8,8
17,2837,16,15
16,2838,14,14
21,2839,19,19
18,2840,16,16
27,2841,25,24
11,2842,10,10
11,2843,10,10
21,2844,19,19
22,2845,20,20
26,2846,25,24
17,2847,16,15
17,2848,15,15
19,2849,18,17
22,2850,20,19
14,2851,13,12
19,2852,17,17
17,2853,15,15
17,2854,15,15
19,2855,17,17
16,2856,15,14
17,2857,15,15
NA,2858,NA,NA
24,2859,22,21
30,2860,28,28
25,2861,23,23
33,2862,31,30
42,2863,39,38
31,2864,29,28
23,2865,21,20
9,2866,8,8
16,2867,15,15
17,2868,15,15
20,2869,18,18
17,2870,16,15
32,2871,30,29
13,2872,12,12
12,2873,11,10
22,2874,20,20
24,2875,23,22
25,2876,23,23
11,2877,10,10
11,2878,10,10
13,2879,11,11
18,2880,17,16
12,2881,10,10
15,2882,14,13
12,2883,11,10
10,2884,9,9
10,2885,9,9
10,2886,9,8
10,2887,9,9
NA,2888,NA,NA
13,2889,12,12
21,2890,19,19
18,2891,16,16
26,2892,24,24
31,2893,29,28
25,2894,23,23
19,2895,17,17
9,2896,7,7
9,2897,8,8
11,2898,9,9
14,2899,13,12
9,2900,8,7
21,2901,19,19
6,2902,5,5
NA,2903,NA,NA
19,2904,17,17
16,2905,15,14
17,2906,16,15
14,2907,12,12
11,2908,10,9
13,2909,12,12
15,2910,14,13
11,2911,9,9
17,2912,15,15
12,2913,10,10
11,2914,10,10
14,2915,13,12
11,2916,10,10
13,2917,11,11
NA,2918,NA,NA
17,2919,16,15
25,2920,23,23
19,2921,17,17
27,2922,25,24
31,2923,29,29
27,2924,25,25
17,2925,15,15
7,2926,6,6
16,2927,14,14
10,2928,9,9
15,2929,13,13
13,2930,12,11
22,2931,21,20
9,2932,8,8
10,2933,8,8
18,2934,16,16
17,2935,16,15
20,2936,18,18
7,2937,6,6
9,2938,8,8
11,2939,10,10
13,2940,12,12
10,2941,9,9
14,2942,13,12
12,2943,11,10
3,2944,2,2
8,2945,7,7
9,2946,8,7
12,2947,11,10
NA,2948,NA,NA
15,2949,13,13
20,2950,18,18
18,2951,17,16
26,2952,24,23
28,2953,26,25
26,2954,24,23
15,2955,13,13
7,2956,6,6
10,2957,9,8
9,2958,8,7
13,2959,12,11
11,2960,10,9
21,2961,19,19
6,2962,5,5
8,2963,6,6
13,2964,12,11
14,2965,12,12
14,2966,12,12
29,2967,27,26
17,2968,15,15
15,2969,13,13
15,2970,13,13
18,2971,17,16
35,2972,32,32
28,2973,26,25
28,2974,26,26
35,2975,32,32
20,2976,19,18
10,2977,9,8
10,2978,9,9
17,2979,15,15
12,2980,10,10
14,2981,13,12
19,2982,18,17
22,2983,20,20
21,2984,19,19
29,2985,27,27
27,2986,25,25
84,2987,79,78
81,2988,77,76
33,2989,31,30
19,2990,17,17
18,2991,17,16
17,2992,16,15
30,2993,28,27
37,2994,35,34
41,2995,38,38
44,2996,41,40
32,2997,30,29
26,2998,24,23
14,2999,13,13
12,3000,10,10
11,3001,10,10
14,3002,13,12
26,3003,25,24
27,3004,25,24
27,3005,25,25
33,3006,31,30
22,3007,20,19
10,3008,9,9
10,3009,8,8
17,3010,15,15
13,3011,11,11
14,3012,13,13
17,3013,15,15
23,3014,21,21
23,3015,21,21
32,3016,30,29
30,3017,28,27
85,3018,80,79
81,3019,77,75
29,3020,27,26
15,3021,14,13
18,3022,16,16
16,3023,14,14
20,3024,19,18
29,3025,27,27
32,3026,30,29
33,3027,31,31
33,3028,31,30
23,3029,21,20
16,3030,14,14
14,3031,12,12
11,3032,10,10
16,3033,15,15
21,3034,19,19
24,3035,22,22
27,3036,25,25
28,3037,26,26
19,3038,18,17
9,3039,8,7
8,3040,7,7
16,3041,15,14
12,3042,10,10
14,3043,13,13
16,3044,14,14
21,3045,20,19
19,3046,17,17
23,3047,21,21
26,3048,24,24
88,3049,83,82
76,3050,72,70
26,3051,24,24
14,3052,12,12
15,3053,13,13
15,3054,14,13
18,3055,16,16
25,3056,23,23
21,3057,19,19
31,3058,29,28
30,3059,28,28
16,3060,14,14
10,3061,9,9
7,3062,6,6
6,3063,5,5
8,3064,7,7
13,3065,11,11
14,3066,12,12
24,3067,22,22
35,3068,33,32
30,3069,28,28
4,3070,3,3
4,3071,3,3
9,3072,8,8
9,3073,7,7
5,3074,4,4
8,3075,6,6
12,3076,11,10
13,3077,12,11
13,3078,12,11
16,3079,14,14
71,3080,67,66
66,3081,63,62
22,3082,20,20
8,3083,7,6
11,3084,10,9
8,3085,7,7
12,3086,10,10
17,3087,15,15
15,3088,14,14
23,3089,21,21
24,3090,22,22
18,3091,17,16
10,3092,8,8
9,3093,7,7
8,3094,7,7
11,3095,10,9
16,3096,15,14
16,3097,15,14
22,3098,20,20
23,3099,21,21
15,3100,13,13
7,3101,6,6
7,3102,6,6
12,3103,11,10
8,3104,7,7
9,3105,8,8
10,3106,9,9
15,3107,13,13
15,3108,14,14
16,3109,15,14
18,3110,16,16
68,3111,64,63
56,3112,53,52
17,3113,15,15
11,3114,9,9
11,3115,9,9
9,3116,8,8
11,3117,10,9
19,3118,17,17
12,3119,10,10
20,3120,18,18
22,3121,20,20
15,3122,13,13
9,3123,8,8
9,3124,7,7
8,3125,7,7
9,3126,8,8
11,3127,10,9
15,3128,13,13
18,3129,16,16
18,3130,17,16
12,3131,11,11
NA,3132,NA,NA
NA,3133,NA,NA
7,3134,5,5
7,3135,6,6
8,3136,6,6
10,3137,9,9
17,3138,16,15
15,3139,13,13
11,3140,10,10
14,3141,12,12
48,3142,45,44
51,3143,48,47
21,3144,19,19
9,3145,7,7
9,3146,7,7
9,3147,8,7
10,3148,8,8
14,3149,12,12
13,3150,12,12
19,3151,17,17
21,3152,19,19
31,3153,29,28
36,3154,34,33
27,3155,25,24
15,3156,14,13
20,3157,18,18
20,3158,18,18
36,3159,34,33
19,3160,17,17
31,3161,29,28
30,3162,28,27
27,3163,25,25
35,3164,32,32
38,3165,36,35
25,3166,23,23
28,3167,26,25
26,3168,24,23
33,3169,31,31
41,3170,38,37
44,3171,42,41
30,3172,28,27
32,3173,30,29
42,3174,39,38
48,3175,46,45
42,3176,39,38
24,3177,22,22
23,3178,21,21
30,3179,28,28
32,3180,30,29
29,3181,27,26
14,3182,12,12
21,3183,19,19
20,3184,18,18
34,3185,31,31
15,3186,14,14
31,3187,28,28
28,3188,26,25
23,3189,21,20
23,3190,21,21
37,3191,35,34
18,3192,16,16
NA,3193,NA,NA
32,3194,30,29
30,3195,28,28
32,3196,30,29
33,3197,31,30
28,3198,26,26
29,3199,27,27
31,3200,29,28
34,3201,31,31
40,3202,38,37
25,3203,23,23
22,3204,21,20
26,3205,24,23
27,3206,25,24
26,3207,24,23
11,3208,10,10
20,3209,18,17
19,3210,17,17
32,3211,29,29
13,3212,11,11
26,3213,25,24
21,3214,20,19
19,3215,17,17
21,3216,20,19
30,3217,28,27
21,3218,19,19
23,3219,21,20
22,3220,21,20
28,3221,26,26
29,3222,27,27
34,3223,31,31
25,3224,23,23
26,3225,24,24
28,3226,26,25
25,3227,23,23
30,3228,28,27
20,3229,18,18
20,3230,18,18
22,3231,20,20
22,3232,20,20
20,3233,18,18
7,3234,6,6
13,3235,11,11
12,3236,11,11
25,3237,23,23
7,3238,6,6
17,3239,15,15
17,3240,15,15
14,3241,13,12
13,3242,12,12
20,3243,18,18
17,3244,15,15
14,3245,12,12
15,3246,14,14
18,3247,17,16
21,3248,19,19
19,3249,17,17
19,3250,17,17
20,3251,18,18
19,3252,17,17
19,3253,17,17
18,3254,16,16
16,3255,14,14
13,3256,12,11
19,3257,17,17
21,3258,20,19
20,3259,18,18
7,3260,6,6
15,3261,14,13
15,3262,14,13
26,3263,24,24
8,3264,7,6
18,3265,16,16
18,3266,16,16
14,3267,13,13
14,3268,12,12
18,3269,16,16
16,3270,14,14
17,3271,15,15
18,3272,16,16
21,3273,19,19
22,3274,20,20
21,3275,19,19
16,3276,15,14
19,3277,18,17
20,3278,19,18
18,3279,17,16
20,3280,18,18
16,3281,15,14
15,3282,14,14
19,3283,17,17
17,3284,15,15
15,3285,14,14
5,3286,3,3
11,3287,10,9
11,3288,10,9
17,3289,15,15
6,3290,5,4
9,3291,8,8
15,3292,13,13
11,3293,10,9
12,3294,11,11
14,3295,12,12
15,3296,14,13
16,3297,15,15
15,3298,14,14
20,3299,18,18
16,3300,14,14
16,3301,14,14
14,3302,12,12
16,3303,14,14
16,3304,14,14
14,3305,12,12
13,3306,11,11
11,3307,10,9
10,3308,9,9
19,3309,18,17
20,3310,18,18
18,3311,17,16
24,3312,22,22
17,3313,15,15
9,3314,8,8
19,3315,17,17
9,3316,8,7
14,3317,12,12
18,3318,16,16
25,3319,23,22
10,3320,9,9
19,3321,17,17
43,3322,40,39
37,3323,35,34
35,3324,32,32
33,3325,31,30
25,3326,23,22
26,3327,24,23
16,3328,15,14
24,3329,22,22
29,3330,27,26
30,3331,28,28
23,3332,21,21
11,3333,9,9
12,3334,11,10
13,3335,11,11
23,3336,21,21
15,3337,14,13
15,3338,14,13
18,3339,16,16
15,3340,14,13
16,3341,15,14
14,3342,12,12
18,3343,16,16
11,3344,10,10
8,3345,7,7
13,3346,12,12
10,3347,8,8
14,3348,12,12
20,3349,18,17
23,3350,21,21
12,3351,10,10
16,3352,14,14
51,3353,48,47
33,3354,31,30
27,3355,25,24
33,3356,31,30
29,3357,27,26
25,3358,23,23
14,3359,13,13
19,3360,17,17
23,3361,21,21
28,3362,26,26
20,3363,18,18
6,3364,5,5
9,3365,8,8
8,3366,7,7
15,3367,13,13
11,3368,10,10
13,3369,12,12
12,3370,10,10
16,3371,14,14
17,3372,16,15
16,3373,15,14
14,3374,12,12
12,3375,11,11
11,3376,10,10
13,3377,12,12
8,3378,7,7
13,3379,12,11
16,3380,15,14
18,3381,17,16
7,3382,6,6
11,3383,10,10
44,3384,41,40
24,3385,23,22
20,3386,19,18
26,3387,25,24
28,3388,26,25
21,3389,20,19
13,3390,11,11
17,3391,15,15
26,3392,24,23
27,3393,25,24
17,3394,15,15
8,3395,6,6
11,3396,10,9
8,3397,7,7
16,3398,14,14
13,3399,12,11
13,3400,12,12
10,3401,9,8
9,3402,8,7
10,3403,9,9
8,3404,7,6
6,3405,5,4
7,3406,6,6
5,3407,4,4
6,3408,5,5
6,3409,5,4
7,3410,5,5
8,3411,6,6
10,3412,8,8
4,3413,3,3
6,3414,5,5
33,3415,30,30
15,3416,13,13
12,3417,10,10
19,3418,17,17
18,3419,16,16
17,3420,16,16
9,3421,7,7
9,3422,7,7
16,3423,15,14
19,3424,18,17
13,3425,12,12
3,3426,2,2
4,3427,3,3
3,3428,2,2
8,3429,6,6
6,3430,5,4
6,3431,5,5
4,3432,3,3
10,3433,8,8
10,3434,9,8
11,3435,9,9
13,3436,12,11
6,3437,5,5
5,3438,4,4
8,3439,7,7
6,3440,5,5
8,3441,7,6
10,3442,8,8
12,3443,10,10
7,3444,6,5
10,3445,9,9
35,3446,33,32
15,3447,13,13
16,3448,14,14
20,3449,18,17
20,3450,18,18
17,3451,15,15
9,3452,8,8
10,3453,9,9
18,3454,16,16
21,3455,19,19
10,3456,9,9
4,3457,3,2
6,3458,5,5
5,3459,4,4
9,3460,8,7
7,3461,6,6
7,3462,6,6
7,3463,6,5
12,3464,11,10
8,3465,6,6
6,3466,5,5
6,3467,5,5
7,3468,6,6
6,3469,5,5
6,3470,5,5
6,3471,5,5
7,3472,6,6
8,3473,7,7
8,3474,7,7
7,3475,6,6
9,3476,8,8
17,3477,15,15
14,3478,12,12
9,3479,8,8
13,3480,12,12
9,3481,7,7
NA,3482,NA,NA
NA,3483,NA,NA
11,3484,9,9
9,3485,8,8
13,3486,11,11
12,3487,11,10
6,3488,5,5
6,3489,5,5
6,3490,5,5
9,3491,8,7
7,3492,6,6
8,3493,7,6
7,3494,6,6
15,3495,13,13
12,3496,11,11
14,3497,12,12
22,3498,20,20
19,3499,18,17
19,3500,17,17
22,3501,20,19
26,3502,25,24
9,3503,7,7
9,3504,8,8
13,3505,11,11
15,3506,13,13
14,3507,13,13
14,3508,12,12
25,3509,23,23
19,3510,17,17
18,3511,16,16
35,3512,32,32
29,3513,27,27
33,3514,31,31
35,3515,33,32
13,3516,12,11
9,3517,7,7
12,3518,10,10
16,3519,15,14
18,3520,16,16
30,3521,28,28
33,3522,31,31
22,3523,20,19
21,3524,19,19
13,3525,11,11
10,3526,9,9
12,3527,10,10
14,3528,13,12
13,3529,12,12
16,3530,14,14
17,3531,16,15
21,3532,20,19
22,3533,20,20
6,3534,4,4
9,3535,7,7
13,3536,11,11
13,3537,12,12
13,3538,12,11
13,3539,11,11
20,3540,18,18
16,3541,14,14
18,3542,16,16
31,3543,28,28
22,3544,21,20
27,3545,25,24
26,3546,24,24
12,3547,11,10
9,3548,7,7
11,3549,9,9
15,3550,13,13
17,3551,15,15
28,3552,26,25
33,3553,30,30
21,3554,19,19
14,3555,13,13
12,3556,11,11
9,3557,8,8
12,3558,11,11
12,3559,11,10
17,3560,15,15
13,3561,12,11
15,3562,14,13
21,3563,20,19
24,3564,22,22
6,3565,5,4
8,3566,7,7
11,3567,10,10
16,3568,14,14
16,3569,15,14
15,3570,13,13
19,3571,18,17
14,3572,13,12
17,3573,15,15
24,3574,22,22
20,3575,18,18
24,3576,22,21
19,3577,18,17
11,3578,10,10
7,3579,6,6
10,3580,9,8
14,3581,13,13
19,3582,18,17
29,3583,27,26
25,3584,23,23
19,3585,17,17
12,3586,10,10
11,3587,10,10
6,3588,5,4
6,3589,5,5
7,3590,6,6
8,3591,7,6
8,3592,7,7
NA,3593,NA,NA
NA,3594,NA,NA
31,3595,29,29
3,3596,2,2
4,3597,3,3
7,3598,6,6
9,3599,7,7
7,3600,6,6
6,3601,4,4
8,3602,6,6
8,3603,7,7
11,3604,9,9
16,3605,15,14
12,3606,11,11
18,3607,16,16
8,3608,7,7
6,3609,5,4
3,3610,2,2
5,3611,4,4
9,3612,7,7
13,3613,11,11
16,3614,15,14
18,3615,17,16
11,3616,9,9
8,3617,7,6
11,3618,9,9
7,3619,5,5
7,3620,6,6
8,3621,7,7
7,3622,6,6
9,3623,8,8
12,3624,10,10
13,3625,12,12
17,3626,16,15
6,3627,4,4
7,3628,6,6
11,3629,9,9
9,3630,7,7
9,3631,8,8
7,3632,6,6
10,3633,9,8
9,3634,7,7
11,3635,10,10
17,3636,15,15
16,3637,15,14
20,3638,18,18
14,3639,13,12
9,3640,8,8
NA,3641,NA,NA
NA,3642,NA,NA
NA,3643,NA,NA
15,3644,13,13
20,3645,18,18
17,3646,15,15
12,3647,11,10
7,3648,6,6
8,3649,7,6
7,3650,6,6
8,3651,7,7
7,3652,6,6
8,3653,6,6
9,3654,8,8
11,3655,10,10
13,3656,11,11
15,3657,14,14
5,3658,4,4
6,3659,5,5
11,3660,10,9
9,3661,7,7
8,3662,6,6
7,3663,6,6
8,3664,6,6
9,3665,8,8
9,3666,8,8
13,3667,12,11
12,3668,11,11
16,3669,14,14
9,3670,8,8
7,3671,5,5
6,3672,5,5
7,3673,6,6
9,3674,8,8
12,3675,11,10
12,3676,11,10
12,3677,10,10
9,3678,8,8
7,3679,6,6
8,3680,7,7
24,3681,22,21
29,3682,27,27
39,3683,36,36
28,3684,26,26
26,3685,24,24
113,3686,107,105
13,3687,12,11
17,3688,15,15
23,3689,21,20
12,3690,11,11
30,3691,28,28
35,3692,33,32
21,3693,19,19
24,3694,22,21
33,3695,31,30
21,3696,19,19
33,3697,31,30
31,3698,29,28
42,3699,40,39
40,3700,37,37
45,3701,42,41
105,3702,100,98
53,3703,50,49
31,3704,29,28
37,3705,35,34
39,3706,36,35
41,3707,39,38
39,3708,36,36
21,3709,19,19
24,3710,22,22
27,3711,25,24
28,3712,26,25
26,3713,24,23
124,3714,118,116
12,3715,10,10
13,3716,12,12
18,3717,16,16
10,3718,9,9
17,3719,16,15
43,3720,40,39
17,3721,15,15
17,3722,16,15
23,3723,21,20
16,3724,14,14
25,3725,23,23
27,3726,25,24
35,3727,33,32
31,3728,29,29
36,3729,34,33
95,3730,90,88
49,3731,46,45
28,3732,26,26
26,3733,24,24
33,3734,31,30
35,3735,33,32
33,3736,30,30
20,3737,18,18
29,3738,27,26
21,3739,20,19
23,3740,21,21
23,3741,21,21
113,3742,108,106
12,3743,10,10
12,3744,11,11
17,3745,15,15
12,3746,10,10
18,3747,17,16
32,3748,30,29
NA,3749,NA,NA
NA,3750,NA,NA
NA,3751,NA,NA
28,3752,26,25
26,3753,24,23
26,3754,24,24
38,3755,35,35
32,3756,30,29
38,3757,36,35
90,3758,85,83
51,3759,48,47
28,3760,26,25
30,3761,27,27
34,3762,32,31
38,3763,35,35
32,3764,30,30
13,3765,11,11
13,3766,12,12
11,3767,10,9
19,3768,17,17
19,3769,17,17
123,3770,117,115
9,3771,8,7
6,3772,4,4
8,3773,7,7
3,3774,2,2
2,3775,1,1
NA,3776,NA,NA
NA,3777,NA,NA
NA,3778,NA,NA
NA,3779,NA,NA
2,3780,1,1
19,3781,17,17
19,3782,17,17
32,3783,30,30
26,3784,24,24
35,3785,32,32
86,3786,82,80
44,3787,42,41
25,3788,23,23
24,3789,22,21
31,3790,29,28
31,3791,29,28
31,3792,29,28
15,3793,13,13
15,3794,13,13
17,3795,15,15
24,3796,22,22
20,3797,18,18
119,3798,114,111
11,3799,9,9
11,3800,10,9
14,3801,12,12
8,3802,6,6
14,3803,12,12
31,3804,29,28
14,3805,13,12
17,3806,16,15
22,3807,20,19
17,3808,15,15
22,3809,20,19
20,3810,19,18
31,3811,29,28
25,3812,23,23
36,3813,34,33
83,3814,79,78
46,3815,44,43
25,3816,23,23
22,3817,21,20
35,3818,33,32
31,3819,29,28
29,3820,27,27
13,3821,12,12
12,3822,10,10
11,3823,10,9
19,3824,17,17
17,3825,15,15
102,3826,97,95
9,3827,7,7
7,3828,6,6
9,3829,8,8
7,3830,5,5
9,3831,8,8
17,3832,16,15
11,3833,10,9
11,3834,10,10
16,3835,15,14
11,3836,9,9
16,3837,14,14
13,3838,12,12
25,3839,23,22
21,3840,19,19
23,3841,21,21
46,3842,44,43
27,3843,25,24
17,3844,16,15
22,3845,20,20
28,3846,26,26
32,3847,30,29
29,3848,27,26
48,3849,45,44
50,3850,47,46
48,3851,45,44
49,3852,46,45
52,3853,49,48
38,3854,35,35
31,3855,29,28
27,3856,25,24
20,3857,18,18
27,3858,25,25
44,3859,41,40
26,3860,24,24
31,3861,29,28
24,3862,22,22
29,3863,27,27
35,3864,33,32
36,3865,34,33
34,3866,32,31
14,3867,13,12
18,3868,16,16
19,3869,17,17
27,3870,25,24
31,3871,29,28
38,3872,35,35
36,3873,34,33
38,3874,35,35
25,3875,23,23
24,3876,23,22
27,3877,25,25
29,3878,27,26
36,3879,34,33
43,3880,40,40
46,3881,43,42
40,3882,38,37
45,3883,43,42
47,3884,45,44
34,3885,31,31
29,3886,27,27
26,3887,24,24
20,3888,18,18
25,3889,24,23
32,3890,30,29
24,3891,22,21
23,3892,22,21
21,3893,20,19
24,3894,22,21
24,3895,22,22
30,3896,27,27
25,3897,23,23
14,3898,12,12
17,3899,16,15
21,3900,19,19
25,3901,23,22
27,3902,25,25
36,3903,33,33
37,3904,35,34
33,3905,31,31
25,3906,23,23
26,3907,24,24
35,3908,33,32
29,3909,27,27
39,3910,37,36
44,3911,41,40
47,3912,44,43
40,3913,37,36
44,3914,42,41
46,3915,44,43
33,3916,31,30
28,3917,26,26
26,3918,24,23
21,3919,20,19
23,3920,21,21
33,3921,30,30
23,3922,21,20
20,3923,18,18
17,3924,15,15
22,3925,21,20
23,3926,21,21
24,3927,22,22
19,3928,18,17
13,3929,12,11
15,3930,13,13
16,3931,15,14
21,3932,20,19
25,3933,23,23
30,3934,28,27
30,3935,28,28
27,3936,25,24
20,3937,18,18
22,3938,20,20
22,3939,20,20
25,3940,23,22
32,3941,29,29
39,3942,37,36
44,3943,42,41
33,3944,31,30
37,3945,34,34
23,3946,22,21
NA,3947,NA,NA
NA,3948,NA,NA
19,3949,17,17
13,3950,11,11
18,3951,17,16
24,3952,22,22
16,3953,14,14
17,3954,15,15
14,3955,13,13
15,3956,13,13
13,3957,12,12
16,3958,15,14
16,3959,14,14
7,3960,6,6
10,3961,9,9
12,3962,10,10
15,3963,14,13
19,3964,18,17
24,3965,22,22
26,3966,24,23
22,3967,20,19
18,3968,16,16
24,3969,22,22
18,3970,16,16
22,3971,20,19
31,3972,29,28
39,3973,37,36
41,3974,39,38
34,3975,32,31
33,3976,31,31
35,3977,33,32
29,3978,27,27
26,3979,24,24
22,3980,20,20
15,3981,14,13
18,3982,16,16
27,3983,25,25
18,3984,16,16
17,3985,15,15
16,3986,14,14
17,3987,15,15
18,3988,16,16
19,3989,17,17
15,3990,14,13
6,3991,5,5
10,3992,9,9
11,3993,10,10
15,3994,13,13
20,3995,18,18
23,3996,22,21
25,3997,23,23
23,3998,21,20
18,3999,16,16
19,4000,17,17
19,4001,18,17
26,4002,24,23
30,4003,28,27
37,4004,35,34
37,4005,34,34
32,4006,29,29
33,4007,31,30
38,4008,35,34
33,4009,31,30
26,4010,25,24
20,4011,19,18
15,4012,13,13
19,4013,17,17
22,4014,21,20
18,4015,16,16
18,4016,16,16
17,4017,16,15
16,4018,14,14
18,4019,16,16
18,4020,16,16
17,4021,16,15
8,4022,7,7
13,4023,11,11
16,4024,14,14
11,4025,10,10
19,4026,17,17
21,4027,19,19
23,4028,21,21
22,4029,20,20
19,4030,17,17
22,4031,20,20
18,4032,16,16
26,4033,24,23
31,4034,29,28
41,4035,39,38
27,4036,25,24
37,4037,34,34
31,4038,29,28
38,4039,36,35
45,4040,42,42
27,4041,25,25
42,4042,40,39
31,4043,29,28
25,4044,23,22
23,4045,21,21
15,4046,13,13
24,4047,22,22
22,4048,20,20
26,4049,25,24
23,4050,22,21
15,4051,14,13
23,4052,21,21
23,4053,21,21
29,4054,27,27
14,4055,13,12
20,4056,19,18
24,4057,22,22
22,4058,20,20
17,4059,16,15
23,4060,22,21
28,4061,26,25
20,4062,18,18
15,4063,13,13
23,4064,21,20
38,4065,36,35
26,4066,24,24
37,4067,35,34
35,4068,33,32
39,4069,36,36
43,4070,41,40
30,4071,28,28
33,4072,31,31
25,4073,23,22
22,4074,20,20
22,4075,20,20
8,4076,7,7
27,4077,25,25
22,4078,20,20
25,4079,23,23
25,4080,23,23
16,4081,15,14
24,4082,22,21
27,4083,25,25
29,4084,27,26
17,4085,16,15
21,4086,19,19
26,4087,24,23
21,4088,19,18
19,4089,18,17
26,4090,24,24
29,4091,27,26
24,4092,22,22
22,4093,20,20
26,4094,24,24
28,4095,26,26
19,4096,18,17
25,4097,23,23
24,4098,22,21
26,4099,24,24
30,4100,28,27
22,4101,20,20
22,4102,20,19
19,4103,17,17
18,4104,16,16
17,4105,15,15
11,4106,10,9
19,4107,17,17
18,4108,16,16
20,4109,18,17
19,4110,17,17
11,4111,10,10
14,4112,13,12
23,4113,21,20
17,4114,16,15
11,4115,9,9
14,4116,12,12
18,4117,16,16
14,4118,13,12
14,4119,12,12
17,4120,16,15
22,4121,20,20
19,4122,18,17
18,4123,16,16
20,4124,18,18
26,4125,24,23
18,4126,16,16
23,4127,21,20
24,4128,22,22
30,4129,28,27
26,4130,24,23
20,4131,19,18
19,4132,17,17
17,4133,15,15
16,4134,15,14
14,4135,13,12
7,4136,6,6
15,4137,14,14
16,4138,14,14
19,4139,17,17
16,4140,14,14
9,4141,7,7
12,4142,10,10
14,4143,13,12
17,4144,15,15
10,4145,9,8
11,4146,10,9
14,4147,13,12
12,4148,11,10
10,4149,9,9
14,4150,12,12
16,4151,15,14
16,4152,15,14
15,4153,14,13
16,4154,14,14
25,4155,23,23
18,4156,16,16
23,4157,21,21
23,4158,21,21
25,4159,23,23
29,4160,27,26
22,4161,21,20
22,4162,20,20
20,4163,18,18
18,4164,17,16
17,4165,15,15
10,4166,9,8
15,4167,14,13
14,4168,13,12
16,4169,14,14
15,4170,14,13
9,4171,8,8
12,4172,11,11
17,4173,16,15
20,4174,18,18
11,4175,10,10
14,4176,12,12
16,4177,15,14
13,4178,12,12
12,4179,11,11
15,4180,14,14
19,4181,17,17
19,4182,17,17
17,4183,15,15
20,4184,18,18
27,4185,25,24
18,4186,17,16
25,4187,23,23
26,4188,24,24
28,4189,26,25
29,4190,27,26
21,4191,19,19
21,4192,19,19
18,4193,16,16
15,4194,14,13
16,4195,14,14
4,4196,3,3
14,4197,13,12
15,4198,13,13
16,4199,15,14
16,4200,14,14
10,4201,9,9
14,4202,12,12
17,4203,16,15
18,4204,16,16
10,4205,9,8
13,4206,11,11
13,4207,11,11
13,4208,12,12
12,4209,10,10
14,4210,12,12
18,4211,16,16
18,4212,16,16
16,4213,15,14
13,4214,11,11