pm10,month
57,1
25,2
17,3
31,4
10,5
12,6
23,7
17,8
16,9
16,10
27,11
27,12
26,13
26,14
23,15
19,16
25,17
37,18
34,19
36,20
52,21
53,22
37,23
37,24
24,25
24,26
20,27
42,28
36,29
39,30
26,31
17,32
28,33
12,34
17,35
23,36
31,37
20,38
15,39
40,40
28,41
27,42
25,43
24,44
21,45
27,46
37,47
29,48
32,49
50,50
39,51
32,52
31,53
22,54
24,55
22,56
36,57
33,58
32,59
21,60
14,61
25,62
11,63
12,64
18,65
17,66
15,67
15,68
21,69
23,70
23,71
24,72
22,73
19,74
21,75
28,76
25,77
28,78
43,79
34,80
25,81
32,82
20,83
22,84
20,85
32,86
23,87
34,88
21,89
11,90
29,91
13,92
16,93
19,94
27,95
13,96
19,97
35,98
32,99
30,100
28,101
23,102
24,103
22,104
27,105
19,106
26,107
36,108
36,109
20,110
31,111
26,112
26,113
39,114
48,115
48,116
29,117
15,118
8,119
20,120
9,121
9,122
14,123
14,124
11,125
13,126
18,127
20,128
20,129
19,130
18,131
16,132
15,133
22,134
19,135
23,136
37,137
36,138
20,139
25,140
15,141
18,142
16,143
26,144
20,145
34,146
36,147
18,148
15,149
21,150
32,151
29,152
27,153
25,154
46,155
48,156
37,157
55,158
19,159
13,160
11,161
16,162
29,163
36,164
37,165
22,166
15,167
18,168
18,169
21,170
28,171
34,172
40,173
26,174
35,175
17,176
13,177
18,178
28,179
32,180
26,181
20,182
28,183
42,184
36,185
33,186
20,187
13,188
11,189
18,190
31,191
24,192
32,193
20,194
17,195
17,196
19,197
21,198
23,199
26,200
29,201
18,202
25,203
16,204
13,205
15,206
26,207
30,208
21,209
17,210
24,211
30,212
24,213
24,214
18,215
16,216
9,217
16,218
29,219
24,220
25,221
15,222
14,223
15,224
42,225
5,226
19,227
24,228
28,229
34,230
31,231
28,232
25,233
18,234
33,235
34,236
27,237
22,238
35,239
46,240
27,241
47,242
21,243
18,244
10,245
16,246
23,247
49,248
47,249
14,250
12,251
16,252
18,253
23,254
28,255
25,256
43,257
17,258
25,259
15,260
11,261
13,262
21,263
25,264
18,265
15,266
18,267
26,268
23,269
24,270
13,271
8,272
7,273
11,274
17,275
20,276
19,277
13,278
10,279
10,280
12,281
15,282
19,283
18,284
21,285
36,286
35,287
54,288
49,289
80,290
26,291
86,292
23,293
33,294
58,295
15,296
56,297
49,298
32,299
35,300
44,301
60,302
62,303
34,304
33,305
52,306
75,307
57,308
41,309
25,310
22,311
31,312
27,313
28,314
28,315
39,316
24,317
33,318
36,319
16,320
15,321
19,322
40,323
35,324
23,325
38,326
33,327
34,328
28,329
19,330
26,331
41,332
93,333
39,334
34,335
44,336
65,337
59,338
42,339
18,340
14,341
25,342
23,343
26,344
28,345
33,346
18,347
30,348
29,349
15,350
14,351
18,352
41,353
34,354
19,355
33,356
25,357
32,358
29,359
18,360
19,361
25,362
42,363
32,364
27,365
33,366
55,367
57,368
39,369
23,370
21,371
44,372
48,373
58,374
28,375
51,376
20,377
27,378
37,379
17,380
16,381
18,382
43,383
41,384
27,385
38,386
33,387
29,388
33,389
21,390
38,391
35,392
77,393
39,394
26,395
32,396
72,397
49,398
52,399
16,400
15,401
21,402
16,403
21,404
21,405
26,406
18,407
23,408
25,409
12,410
10,411
15,412
32,413
30,414
18,415
26,416
22,417
25,418
21,419
22,420
18,421
20,422
15,423
26,424
21,425
27,426
53,427
41,428
36,429
41,430
42,431
46,432
43,433
46,434
61,435
47,436
40,437
31,438
36,439
49,440
38,441
33,442
24,443
29,444
39,445
29,446
24,447
25,448
25,449
NA,450
29,451
36,452
27,453
28,454
26,455
31,456
34,457
43,458
42,459
36,460
39,461
54,462
65,463
42,464
34,465
28,466
42,467
29,468
27,469
23,470
26,471
24,472
24,473
25,474
26,475
23,476
NA,477
35,478
38,479
27,480
32,481
26,482
33,483
41,484
36,485
37,486
32,487
24,488
50,489
46,490
39,491
30,492
24,493
36,494
26,495
20,496
19,497
26,498
27,499
27,500
27,501
34,502
22,503
NA,504
33,505
41,506
25,507
31,508
22,509
29,510
58,511
34,512
41,513
34,514
54,515
59,516
62,517
35,518
21,519
23,520
42,521
35,522
23,523
21,524
27,525
28,526
34,527
29,528
70,529
513,530
NA,531
76,532
48,533
49,534
59,535
22,536
30,537
37,538
26,539
32,540
30,541
32,542
43,543
42,544
34,545
24,546
23,547
35,548
21,549
19,550
17,551
21,552
24,553
20,554
19,555
19,556
19,557
NA,558
29,559
30,560
22,561
25,562
19,563
26,564
27,565
37,566
32,567
30,568
34,569
27,570
28,571
53,572
46,573
33,574
30,575
19,576
21,577
25,578
29,579
19,580
22,581
26,582
22,583
19,584
22,585
30,586
24,587
32,588
30,589
34,590
23,591
25,592
28,593
28,594
27,595
30,596
28,597
24,598
22,599
32,600
25,601
32,602
47,603
41,604
33,605
26,606
20,607
20,608
24,609
25,610
20,611
19,612
23,613
22,614
20,615
19,616
23,617
24,618
34,619
23,620
33,621
26,622
27,623
26,624
30,625
25,626
25,627
26,628
21,629
20,630
26,631
22,632
28,633
40,634
35,635
27,636
22,637
18,638
19,639
23,640
25,641
18,642
19,643
22,644
19,645
19,646
19,647
20,648
28,649
28,650
19,651
30,652
24,653
25,654
26,655
28,656
24,657
21,658
27,659
22,660
23,661
28,662
21,663
31,664
44,665
32,666
29,667
21,668
16,669
17,670
19,671
20,672
14,673
18,674
20,675
19,676
14,677
19,678
16,679
17,680
24,681
18,682
24,683
19,684
21,685
21,686
20,687
20,688
20,689
21,690
18,691
18,692
23,693
20,694
27,695
38,696
31,697
27,698
22,699
14,700
16,701
19,702
20,703
16,704
18,705
19,706
17,707
16,708
14,709
17,710
19,711
24,712
19,713
25,714
21,715
22,716
21,717
25,718
21,719
22,720
20,721
19,722
26,723
28,724
22,725
25,726
22,727
16,728
13,729
17,730
27,731
30,732
24,733
25,734
32,735
42,736
44,737
30,738
31,739
25,740
18,741
28,742
21,743
22,744
36,745
22,746
31,747
35,748
22,749
22,750
21,751
31,752
27,753
25,754
22,755
20,756
20,757
16,758
17,759
34,760
31,761
26,762
27,763
33,764
46,765
45,766
30,767
34,768
24,769
20,770
25,771
28,772
29,773
38,774
26,775
29,776
32,777
21,778
22,779
22,780
28,781
27,782
23,783
22,784
18,785
18,786
12,787
12,788
28,789
29,790
21,791
22,792
27,793
42,794
51,795
35,796
28,797
21,798
19,799
25,800
23,801
25,802
28,803
17,804
23,805
23,806
16,807
17,808
18,809
21,810
23,811
19,812
17,813
14,814
16,815
9,816
10,817
17,818
21,819
19,820
20,821
21,822
32,823
33,824
23,825
22,826
17,827
12,828
20,829
20,830
20,831
23,832
15,833
22,834
20,835
17,836
16,837
18,838
22,839
22,840
19,841
19,842
16,843
15,844
6,845
10,846
21,847
20,848
16,849
20,850
22,851
38,852
31,853
25,854
24,855
19,856
14,857
22,858
18,859
23,860
27,861
16,862
22,863
25,864
40,865
32,866
37,867
40,868
34,869
27,870
55,871
55,872
36,873
25,874
42,875
26,876
25,877
34,878
14,879
32,880
40,881
37,882
34,883
27,884
16,885
19,886
25,887
23,888
23,889
21,890
27,891
34,892
36,893
42,894
33,895
34,896
27,897
24,898
34,899
28,900
28,901
33,902
35,903
28,904
24,905
37,906
26,907
26,908
38,909
16,910
22,911
35,912
27,913
38,914
23,915
21,916
21,917
21,918
22,919
22,920
27,921
28,922
29,923
34,924
42,925
29,926
29,927
22,928
19,929
22,930
23,931
23,932
27,933
31,934
25,935
21,936
34,937
22,938
24,939
36,940
13,941
20,942
30,943
23,944
31,945
22,946
19,947
19,948
16,949
18,950
20,951
20,952
24,953
25,954
32,955
37,956
26,957
26,958
17,959
15,960
17,961
19,962
19,963
23,964
27,965
20,966
16,967
28,968
17,969
20,970
33,971
13,972
10,973
20,974
15,975
23,976
19,977
14,978
12,979
12,980
12,981
14,982
16,983
19,984
19,985
28,986
26,987
18,988
40,989
25,990
21,991
29,992
21,993
20,994
24,995
22,996
19,997
NA,998
NA,999
NA,1000
NA,1001
NA,1002
NA,1003
NA,1004
NA,1005
NA,1006
NA,1007
NA,1008
NA,1009
NA,1010
NA,1011
NA,1012
NA,1013
NA,1014
NA,1015
NA,1016
NA,1017
NA,1018
NA,1019
28,1020
22,1021
18,1022
26,1023
24,1024
21,1025
30,1026
27,1027
23,1028
10,1029
14,1030
20,1031
22,1032
19,1033
15,1034
12,1035
11,1036
22,1037
23,1038
36,1039
27,1040
21,1041
10,1042
11,1043
26,1044
32,1045
19,1046
21,1047
17,1048
23,1049
22,1050
19,1051
17,1052
24,1053
13,1054
16,1055
15,1056
17,1057
11,1058
9,1059
15,1060
19,1061
21,1062
21,1063
16,1064
13,1065
11,1066
18,1067
14,1068
23,1069
17,1070
26,1071
11,1072
12,1073
26,1074
30,1075
21,1076
20,1077
18,1078
19,1079
20,1080
16,1081
14,1082
22,1083
13,1084
16,1085
15,1086
16,1087
11,1088
8,1089
15,1090
18,1091
20,1092
15,1093
15,1094
12,1095
10,1096
16,1097
18,1098
23,1099
20,1100
17,1101
12,1102
10,1103
22,1104
25,1105
21,1106
20,1107
19,1108
17,1109
19,1110
10,1111
12,1112
10,1113
10,1114
9,1115
9,1116
9,1117
6,1118
5,1119
8,1120
12,1121
15,1122
9,1123
9,1124
7,1125
6,1126
10,1127
14,1128
15,1129
10,1130
9,1131
5,1132
6,1133
10,1134
10,1135
10,1136
8,1137
11,1138
12,1139
NA,1140
NA,1141
NA,1142
NA,1143
NA,1144
NA,1145
NA,1146
NA,1147
NA,1148
NA,1149
NA,1150
NA,1151
NA,1152
NA,1153
NA,1154
NA,1155
NA,1156
NA,1157
NA,1158
NA,1159
NA,1160
NA,1161
NA,1162
NA,1163
NA,1164
NA,1165
NA,1166
NA,1167
NA,1168
NA,1169
6,1170
5,1171
7,1172
7,1173
9,1174
9,1175
9,1176
11,1177
10,1178
19,1179
33,1180
29,1181
19,1182
11,1183
18,1184
19,1185
26,1186
29,1187
12,1188
14,1189
13,1190
14,1191
27,1192
95,1193
103,1194
66,1195
28,1196
16,1197
13,1198
18,1199
22,1200
21,1201
18,1202
18,1203
26,1204
22,1205
27,1206
24,1207
17,1208
25,1209
23,1210
14,1211
10,1212
16,1213
17,1214
22,1215
23,1216
12,1217
14,1218
13,1219
13,1220
34,1221
101,1222
105,1223
62,1224
27,1225
16,1226
15,1227
18,1228
18,1229
28,1230
16,1231
17,1232
27,1233
18,1234
22,1235
18,1236
14,1237
24,1238
22,1239
12,1240
10,1241
14,1242
20,1243
23,1244
23,1245
17,1246
23,1247
14,1248
13,1249
26,1250
97,1251
102,1252
60,1253
28,1254
19,1255
15,1256
17,1257
20,1258
21,1259
18,1260
22,1261
24,1262
18,1263
23,1264
21,1265
10,1266
17,1267
14,1268
8,1269
6,1270
8,1271
7,1272
15,1273
14,1274
5,1275
6,1276
6,1277
7,1278
19,1279
95,1280
107,1281
61,1282
18,1283
8,1284
14,1285
10,1286
13,1287
9,1288
9,1289
12,1290
16,1291
17,1292
18,1293
19,1294
NA,1295
NA,1296
NA,1297
NA,1298
NA,1299
NA,1300
NA,1301
NA,1302
NA,1303
NA,1304
NA,1305
NA,1306
NA,1307
NA,1308
161,1309
100,1310
48,1311
20,1312
13,1313
11,1314
13,1315
14,1316
11,1317
10,1318
14,1319
18,1320
15,1321
17,1322
13,1323
9,1324
13,1325
8,1326
7,1327
7,1328
12,1329
12,1330
9,1331
12,1332
5,1333
8,1334
8,1335
8,1336
12,1337
83,1338
86,1339
40,1340
8,1341
7,1342
12,1343
9,1344
10,1345
7,1346
9,1347
11,1348
15,1349
13,1350
14,1351
12,1352
16,1353
21,1354
19,1355
18,1356
13,1357
23,1358
30,1359
33,1360
32,1361
16,1362
14,1363
20,1364
25,1365
33,1366
38,1367
34,1368
30,1369
17,1370
17,1371
19,1372
37,1373
56,1374
68,1375
94,1376
32,1377
19,1378
26,1379
28,1380
36,1381
18,1382
21,1383
21,1384
20,1385
17,1386
22,1387
26,1388
37,1389
28,1390
17,1391
14,1392
19,1393
13,1394
29,1395
41,1396
37,1397
27,1398
14,1399
14,1400
15,1401
28,1402
51,1403
52,1404
104,1405
21,1406
17,1407
32,1408
26,1409
40,1410
18,1411
20,1412
22,1413
20,1414
18,1415
19,1416
31,1417
29,1418
25,1419
15,1420
13,1421
17,1422
19,1423
21,1424
25,1425
28,1426
25,1427
15,1428
11,1429
14,1430
27,1431
48,1432
51,1433
100,1434
18,1435
17,1436
26,1437
19,1438
31,1439
18,1440
16,1441
16,1442
14,1443
10,1444
16,1445
16,1446
19,1447
18,1448
10,1449
9,1450
12,1451
10,1452
14,1453
19,1454
22,1455
12,1456
11,1457
9,1458
10,1459
14,1460
39,1461
52,1462
97,1463
14,1464
9,1465
17,1466
9,1467
11,1468
16,1469
20,1470
34,1471
14,1472
13,1473
4,1474
20,1475
43,1476
16,1477
9,1478
10,1479
16,1480
12,1481
17,1482
25,1483
27,1484
16,1485
12,1486
16,1487
25,1488
19,1489
42,1490
32,1491
NA,1492
NA,1493
NA,1494
NA,1495
9,1496
18,1497
15,1498
13,1499
12,1500
12,1501
11,1502
15,1503
11,1504
16,1505
13,1506
8,1507
7,1508
9,1509
9,1510
9,1511
12,1512
15,1513
12,1514
9,1515
8,1516
10,1517
10,1518
2,1519
43,1520
113,1521
13,1522
9,1523
13,1524
8,1525
9,1526
22,1527
20,1528
36,1529
48,1530
24,1531
34,1532
34,1533
28,1534
31,1535
29,1536
27,1537
19,1538
29,1539
39,1540
28,1541
23,1542
32,1543
16,1544
25,1545
35,1546
37,1547
31,1548
36,1549
40,1550
40,1551
36,1552
34,1553
35,1554
76,1555
26,1556
21,1557
40,1558
46,1559
22,1560
30,1561
31,1562
26,1563
28,1564
25,1565
27,1566
22,1567
28,1568
41,1569
25,1570
20,1571
31,1572
18,1573
22,1574
26,1575
35,1576
33,1577
35,1578
39,1579
40,1580
28,1581
27,1582
29,1583
79,1584
19,1585
17,1586
37,1587
49,1588
25,1589
29,1590
23,1591
24,1592
25,1593
28,1594
24,1595
20,1596
28,1597
34,1598
26,1599
20,1600
31,1601
18,1602
22,1603
29,1604
30,1605
31,1606
37,1607
37,1608
34,1609
34,1610
31,1611
28,1612
72,1613
11,1614
7,1615
21,1616
43,1617
11,1618
18,1619
16,1620
18,1621
20,1622
14,1623
19,1624
17,1625
18,1626
28,1627
22,1628
17,1629
25,1630
13,1631
17,1632
23,1633
23,1634
26,1635
25,1636
31,1637
31,1638
21,1639
21,1640
21,1641
72,1642
13,1643
12,1644
24,1645
44,1646
4,1647
23,1648
8,1649
18,1650
17,1651
18,1652
17,1653
16,1654
17,1655
31,1656
24,1657
NA,1658
18,1659
14,1660
9,1661
12,1662
1,1663
13,1664
20,1665
23,1666
34,1667
26,1668
18,1669
17,1670
61,1671
10,1672
9,1673
20,1674
35,1675
10,1676
17,1677
13,1678
17,1679
20,1680
11,1681
14,1682
7,1683
16,1684
21,1685
22,1686
22,1687
25,1688
10,1689
13,1690
15,1691
19,1692
23,1693
19,1694
22,1695
26,1696
14,1697
19,1698
16,1699
61,1700
34,1701
23,1702
21,1703
27,1704
31,1705
19,1706
18,1707
22,1708
29,1709
34,1710
35,1711
38,1712
29,1713
25,1714
24,1715
26,1716
31,1717
24,1718
23,1719
20,1720
23,1721
29,1722
23,1723
30,1724
19,1725
17,1726
17,1727
18,1728
19,1729
18,1730
16,1731
35,1732
27,1733
17,1734
26,1735
31,1736
19,1737
15,1738
17,1739
24,1740
27,1741
36,1742
38,1743
27,1744
24,1745
19,1746
23,1747
29,1748
26,1749
22,1750
16,1751
21,1752
27,1753
22,1754
28,1755
16,1756
13,1757
15,1758
15,1759
18,1760
18,1761
14,1762
32,1763
36,1764
18,1765
27,1766
26,1767
20,1768
16,1769
15,1770
23,1771
25,1772
33,1773
38,1774
27,1775
21,1776
15,1777
23,1778
30,1779
24,1780
22,1781
16,1782
22,1783
28,1784
22,1785
29,1786
16,1787
13,1788
17,1789
15,1790
18,1791
18,1792
14,1793
30,1794
15,1795
10,1796
16,1797
12,1798
9,1799
8,1800
11,1801
16,1802
21,1803
31,1804
32,1805
25,1806
19,1807
14,1808
18,1809
24,1810
18,1811
18,1812
13,1813
17,1814
25,1815
18,1816
23,1817
12,1818
10,1819
12,1820
12,1821
13,1822
15,1823
9,1824
26,1825
20,1826
11,1827
19,1828
19,1829
15,1830
11,1831
10,1832
16,1833
19,1834
28,1835
26,1836
19,1837
17,1838
13,1839
20,1840
23,1841
20,1842
18,1843
14,1844
19,1845
25,1846
19,1847
20,1848
12,1849
8,1850
11,1851
12,1852
13,1853
15,1854
11,1855
24,1856
13,1857
8,1858
15,1859
12,1860
8,1861
8,1862
10,1863
13,1864
17,1865
26,1866
21,1867
19,1868
18,1869
13,1870
10,1871
18,1872
14,1873
19,1874
13,1875
17,1876
22,1877
17,1878
19,1879
11,1880
10,1881
12,1882
13,1883
13,1884
14,1885
11,1886
22,1887
18,1888
18,1889
15,1890
13,1891
15,1892
17,1893
15,1894
18,1895
21,1896
22,1897
19,1898
13,1899
17,1900
25,1901
30,1902
26,1903
25,1904
9,1905
7,1906
4,1907
16,1908
18,1909
19,1910
15,1911
13,1912
17,1913
12,1914
16,1915
19,1916
18,1917
15,1918
19,1919
17,1920
15,1921
16,1922
18,1923
17,1924
19,1925
23,1926
22,1927
20,1928
12,1929
15,1930
25,1931
30,1932
26,1933
26,1934
8,1935
8,1936
6,1937
12,1938
17,1939
19,1940
15,1941
12,1942
16,1943
11,1944
16,1945
19,1946
19,1947
14,1948
18,1949
17,1950
15,1951
15,1952
18,1953
15,1954
18,1955
22,1956
21,1957
20,1958
11,1959
14,1960
26,1961
33,1962
28,1963
26,1964
9,1965
8,1966
5,1967
12,1968
17,1969
20,1970
17,1971
12,1972
19,1973
11,1974
14,1975
20,1976
12,1977
9,1978
11,1979
11,1980
10,1981
10,1982
12,1983
12,1984
14,1985
16,1986
17,1987
14,1988
8,1989
9,1990
19,1991
24,1992
20,1993
20,1994
4,1995
3,1996
2,1997
7,1998
12,1999
14,2000
11,2001
8,2002
9,2003
8,2004
10,2005
10,2006
14,2007
11,2008
13,2009
13,2010
12,2011
12,2012
14,2013
12,2014
18,2015
17,2016
18,2017
16,2018
9,2019
11,2020
20,2021
26,2022
21,2023
23,2024
7,2025
7,2026
4,2027
10,2028
14,2029
15,2030
16,2031
11,2032
12,2033
10,2034
34,2035
11,2036
9,2037
11,2038
13,2039
13,2040
13,2041
13,2042
13,2043
12,2044
14,2045
18,2046
18,2047
17,2048
9,2049
9,2050
17,2051
22,2052
17,2053
17,2054
3,2055
5,2056
2,2057
8,2058
12,2059
11,2060
NA,2061
11,2062
10,2063
9,2064
11,2065
13,2066
15,2067
14,2068
12,2069
21,2070
20,2071
25,2072
18,2073
18,2074
22,2075
26,2076
17,2077
14,2078
13,2079
16,2080
14,2081
11,2082
15,2083
24,2084
23,2085
25,2086
34,2087
31,2088
22,2089
21,2090
28,2091
29,2092
22,2093
21,2094
27,2095
16,2096
17,2097
16,2098
14,2099
14,2100
23,2101
23,2102
28,2103
20,2104
20,2105
26,2106
27,2107
15,2108
13,2109
17,2110
17,2111
15,2112
11,2113
15,2114
26,2115
27,2116
35,2117
40,2118
32,2119
22,2120
23,2121
31,2122
31,2123
27,2124
26,2125
30,2126
18,2127
16,2128
14,2129
14,2130
11,2131
19,2132
21,2133
24,2134
19,2135
18,2136
24,2137
25,2138
14,2139
13,2140
16,2141
20,2142
19,2143
10,2144
13,2145
21,2146
26,2147
36,2148
33,2149
27,2150
19,2151
18,2152
25,2153
26,2154
22,2155
18,2156
22,2157
16,2158
12,2159
7,2160
9,2161
7,2162
14,2163
17,2164
21,2165
11,2166
13,2167
17,2168
20,2169
7,2170
9,2171
11,2172
10,2173
8,2174
7,2175
9,2176
16,2177
17,2178
19,2179
19,2180
19,2181
13,2182
14,2183
18,2184
19,2185
16,2186
15,2187
17,2188
11,2189
8,2190
9,2191
10,2192
9,2193
14,2194
16,2195
18,2196
15,2197
14,2198
20,2199
21,2200
12,2201
12,2202
12,2203
13,2204
11,2205
9,2206
12,2207
19,2208
20,2209
26,2210
28,2211
20,2212
15,2213
15,2214
22,2215
18,2216
16,2217
15,2218
18,2219
12,2220
9,2221
10,2222
10,2223
9,2224
11,2225
15,2226
18,2227
13,2228
14,2229
17,2230
8,2231
10,2232
10,2233
4,2234
9,2235
10,2236
8,2237
12,2238
17,2239
17,2240
18,2241
15,2242
16,2243
13,2244
15,2245
18,2246
17,2247
16,2248
12,2249
16,2250
12,2251
10,2252
17,2253
19,2254
21,2255
17,2256
16,2257
19,2258
12,2259
11,2260
12,2261
13,2262
18,2263
31,2264
20,2265
22,2266
27,2267
16,2268
17,2269
13,2270
14,2271
21,2272
23,2273
23,2274
42,2275
516,2276
22,2277
25,2278
29,2279
41,2280
33,2281
27,2282
19,2283
20,2284
23,2285
19,2286
21,2287
23,2288
13,2289
15,2290
16,2291
17,2292
22,2293
30,2294
18,2295
18,2296
26,2297
16,2298
18,2299
14,2300
17,2301
20,2302
24,2303
27,2304
35,2305
53,2306
23,2307
27,2308
29,2309
37,2310
34,2311
24,2312
15,2313
19,2314
20,2315
16,2316
20,2317
20,2318
11,2319
13,2320
16,2321
16,2322
20,2323
28,2324
14,2325
14,2326
21,2327
16,2328
16,2329
13,2330
16,2331
19,2332
21,2333
25,2334
24,2335
35,2336
18,2337
22,2338
25,2339
30,2340
27,2341
20,2342
11,2343
13,2344
14,2345
11,2346
10,2347
14,2348
8,2349
6,2350
8,2351
8,2352
13,2353
16,2354
9,2355
9,2356
14,2357
8,2358
10,2359
8,2360
9,2361
12,2362
16,2363
17,2364
16,2365
41,2366
15,2367
16,2368
20,2369
25,2370
22,2371
14,2372
14,2373
14,2374
15,2375
11,2376
15,2377
17,2378
10,2379
8,2380
10,2381
11,2382
17,2383
19,2384
12,2385
14,2386
17,2387
10,2388
12,2389
9,2390
11,2391
16,2392
17,2393
18,2394
17,2395
29,2396
16,2397
15,2398
22,2399
28,2400
22,2401
16,2402
11,2403
9,2404
13,2405
9,2406
12,2407
14,2408
9,2409
8,2410
8,2411
10,2412
13,2413
15,2414
12,2415
12,2416
16,2417
8,2418
10,2419
9,2420
10,2421
14,2422
17,2423
17,2424
15,2425
14,2426
14,2427
15,2428
21,2429
25,2430
22,2431
16,2432
27,2433
30,2434
22,2435
20,2436
23,2437
25,2438
24,2439
28,2440
25,2441
29,2442
33,2443
23,2444
25,2445
27,2446
33,2447
21,2448
22,2449
21,2450
21,2451
24,2452
22,2453
24,2454
30,2455
36,2456
29,2457
22,2458
31,2459
30,2460
26,2461
31,2462
35,2463
30,2464
28,2465
21,2466
19,2467
25,2468
31,2469
27,2470
30,2471
26,2472
30,2473
26,2474
23,2475
24,2476
25,2477
29,2478
23,2479
24,2480
22,2481
21,2482
22,2483
22,2484
23,2485
33,2486
32,2487
25,2488
20,2489
27,2490
31,2491
27,2492
30,2493
32,2494
27,2495
22,2496
19,2497
18,2498
21,2499
28,2500
23,2501
27,2502
22,2503
26,2504
24,2505
15,2506
22,2507
21,2508
24,2509
20,2510
20,2511
21,2512
17,2513
20,2514
21,2515
21,2516
29,2517
30,2518
21,2519
20,2520
24,2521
29,2522
27,2523
27,2524
35,2525
21,2526
17,2527
13,2528
14,2529
15,2530
18,2531
19,2532
20,2533
19,2534
21,2535
19,2536
13,2537
16,2538
15,2539
17,2540
15,2541
14,2542
16,2543
14,2544
12,2545
14,2546
16,2547
21,2548
23,2549
18,2550
15,2551
19,2552
22,2553
21,2554
22,2555
24,2556
25,2557
17,2558
19,2559
15,2560
18,2561
25,2562
18,2563
22,2564
18,2565
23,2566
22,2567
10,2568
20,2569
19,2570
18,2571
16,2572
16,2573
18,2574
15,2575
17,2576
18,2577
17,2578
26,2579
28,2580
20,2581
17,2582
19,2583
29,2584
20,2585
28,2586
NA,2587
20,2588
16,2589
6,2590
13,2591
16,2592
20,2593
18,2594
19,2595
18,2596
20,2597
19,2598
14,2599
17,2600
16,2601
17,2602
14,2603
14,2604
16,2605
13,2606
15,2607
15,2608
15,2609
19,2610
22,2611
18,2612
17,2613
16,2614
25,2615
19,2616
21,2617
21,2618
33,2619
28,2620
16,2621
20,2622
22,2623
25,2624
28,2625
26,2626
34,2627
42,2628
28,2629
33,2630
26,2631
27,2632
21,2633
31,2634
25,2635
27,2636
22,2637
24,2638
28,2639
35,2640
27,2641
25,2642
25,2643
10,2644
13,2645
15,2646
32,2647
27,2648
19,2649
21,2650
23,2651
25,2652
29,2653
29,2654
33,2655
42,2656
29,2657
32,2658
27,2659
24,2660
23,2661
26,2662
26,2663
29,2664
23,2665
22,2666
23,2667
31,2668
24,2669
23,2670
22,2671
10,2672
12,2673
13,2674
28,2675
21,2676
19,2677
22,2678
24,2679
24,2680
28,2681
29,2682
32,2683
37,2684
27,2685
27,2686
25,2687
22,2688
19,2689
22,2690
22,2691
27,2692
17,2693
20,2694
22,2695
28,2696
25,2697
19,2698
21,2699
9,2700
11,2701
13,2702
22,2703
22,2704
12,2705
14,2706
16,2707
18,2708
21,2709
18,2710
26,2711
34,2712
24,2713
24,2714
21,2715
15,2716
19,2717
20,2718
17,2719
22,2720
18,2721
18,2722
18,2723
20,2724
16,2725
15,2726
16,2727
6,2728
9,2729
9,2730
NA,2731
NA,2732
14,2733
14,2734
17,2735
19,2736
24,2737
23,2738
28,2739
33,2740
22,2741
25,2742
23,2743
18,2744
17,2745
19,2746
19,2747
22,2748
17,2749
17,2750
17,2751
25,2752
18,2753
24,2754
13,2755
8,2756
10,2757
10,2758
24,2759
20,2760
12,2761
12,2762
15,2763
16,2764
16,2765
22,2766
24,2767
30,2768
21,2769
24,2770
22,2771
16,2772
16,2773
15,2774
16,2775
17,2776
15,2777
14,2778
16,2779
16,2780
13,2781
13,2782
14,2783
NA,2784
NA,2785
5,2786
17,2787
21,2788
23,2789
24,2790
21,2791
23,2792
16,2793
19,2794
19,2795
17,2796
18,2797
NA,2798
23,2799
30,2800
28,2801
35,2802
44,2803
38,2804
27,2805
12,2806
18,2807
19,2808
26,2809
25,2810
31,2811
13,2812
12,2813
24,2814
26,2815
28,2816
19,2817
18,2818
22,2819
24,2820
18,2821
22,2822
16,2823
19,2824
20,2825
17,2826
17,2827
NA,2828
24,2829
32,2830
25,2831
35,2832
42,2833
34,2834
24,2835
10,2836
17,2837
16,2838
21,2839
18,2840
27,2841
11,2842
11,2843
21,2844
22,2845
26,2846
17,2847
17,2848
19,2849
22,2850
14,2851
19,2852
17,2853
17,2854
19,2855
16,2856
17,2857
NA,2858
24,2859
30,2860
25,2861
33,2862
42,2863
31,2864
23,2865
9,2866
16,2867
17,2868
20,2869
17,2870
32,2871
13,2872
12,2873
22,2874
24,2875
25,2876
11,2877
11,2878
13,2879
18,2880
12,2881
15,2882
12,2883
10,2884
10,2885
10,2886
10,2887
NA,2888
13,2889
21,2890
18,2891
26,2892
31,2893
25,2894
19,2895
9,2896
9,2897
11,2898
14,2899
9,2900
21,2901
6,2902
NA,2903
19,2904
16,2905
17,2906
14,2907
11,2908
13,2909
15,2910
11,2911
17,2912
12,2913
11,2914
14,2915
11,2916
13,2917
NA,2918
17,2919
25,2920
19,2921
27,2922
31,2923
27,2924
17,2925
7,2926
16,2927
10,2928
15,2929
13,2930
22,2931
9,2932
10,2933
18,2934
17,2935
20,2936
7,2937
9,2938
11,2939
13,2940
10,2941
14,2942
12,2943
3,2944
8,2945
9,2946
12,2947
NA,2948
15,2949
20,2950
18,2951
26,2952
28,2953
26,2954
15,2955
7,2956
10,2957
9,2958
13,2959
11,2960
21,2961
6,2962
8,2963
13,2964
14,2965
14,2966
29,2967
17,2968
15,2969
15,2970
18,2971
35,2972
28,2973
28,2974
35,2975
20,2976
10,2977
10,2978
17,2979
12,2980
14,2981
19,2982
22,2983
21,2984
29,2985
27,2986
84,2987
81,2988
33,2989
19,2990
18,2991
17,2992
30,2993
37,2994
41,2995
44,2996
32,2997
26,2998
14,2999
12,3000
11,3001
14,3002
26,3003
27,3004
27,3005
33,3006
22,3007
10,3008
10,3009
17,3010
13,3011
14,3012
17,3013
23,3014
23,3015
32,3016
30,3017
85,3018
81,3019
29,3020
15,3021
18,3022
16,3023
20,3024
29,3025
32,3026
33,3027
33,3028
23,3029
16,3030
14,3031
11,3032
16,3033
21,3034
24,3035
27,3036
28,3037
19,3038
9,3039
8,3040
16,3041
12,3042
14,3043
16,3044
21,3045
19,3046
23,3047
26,3048
88,3049
76,3050
26,3051
14,3052
15,3053
15,3054
18,3055
25,3056
21,3057
31,3058
30,3059
16,3060
10,3061
7,3062
6,3063
8,3064
13,3065
14,3066
24,3067
35,3068
30,3069
4,3070
4,3071
9,3072
9,3073
5,3074
8,3075
12,3076
13,3077
13,3078
16,3079
71,3080
66,3081
22,3082
8,3083
11,3084
8,3085
12,3086
17,3087
15,3088
23,3089
24,3090
18,3091
10,3092
9,3093
8,3094
11,3095
16,3096
16,3097
22,3098
23,3099
15,3100
7,3101
7,3102
12,3103
8,3104
9,3105
10,3106
15,3107
15,3108
16,3109
18,3110
68,3111
56,3112
17,3113
11,3114
11,3115
9,3116
11,3117
19,3118
12,3119
20,3120
22,3121
15,3122
9,3123
9,3124
8,3125
9,3126
11,3127
15,3128
18,3129
18,3130
12,3131
NA,3132
NA,3133
7,3134
7,3135
8,3136
10,3137
17,3138
15,3139
11,3140
14,3141
48,3142
51,3143
21,3144
9,3145
9,3146
9,3147
10,3148
14,3149
13,3150
19,3151
21,3152
31,3153
36,3154
27,3155
15,3156
20,3157
20,3158
36,3159
19,3160
31,3161
30,3162
27,3163
35,3164
38,3165
25,3166
28,3167
26,3168
33,3169
41,3170
44,3171
30,3172
32,3173
42,3174
48,3175
42,3176
24,3177
23,3178
30,3179
32,3180
29,3181
14,3182
21,3183
20,3184
34,3185
15,3186
31,3187
28,3188
23,3189
23,3190
37,3191
18,3192
NA,3193
32,3194
30,3195
32,3196
33,3197
28,3198
29,3199
31,3200
34,3201
40,3202
25,3203
22,3204
26,3205
27,3206
26,3207
11,3208
20,3209
19,3210
32,3211
13,3212
26,3213
21,3214
19,3215
21,3216
30,3217
21,3218
23,3219
22,3220
28,3221
29,3222
34,3223
25,3224
26,3225
28,3226
25,3227
30,3228
20,3229
20,3230
22,3231
22,3232
20,3233
7,3234
13,3235
12,3236
25,3237
7,3238
17,3239
17,3240
14,3241
13,3242
20,3243
17,3244
14,3245
15,3246
18,3247
21,3248
19,3249
19,3250
20,3251
19,3252
19,3253
18,3254
16,3255
13,3256
19,3257
21,3258
20,3259
7,3260
15,3261
15,3262
26,3263
8,3264
18,3265
18,3266
14,3267
14,3268
18,3269
16,3270
17,3271
18,3272
21,3273
22,3274
21,3275
16,3276
19,3277
20,3278
18,3279
20,3280
16,3281
15,3282
19,3283
17,3284
15,3285
5,3286
11,3287
11,3288
17,3289
6,3290
9,3291
15,3292
11,3293
12,3294
14,3295
15,3296
16,3297
15,3298
20,3299
16,3300
16,3301
14,3302
16,3303
16,3304
14,3305
13,3306
11,3307
10,3308
19,3309
20,3310
18,3311
24,3312
17,3313
9,3314
19,3315
9,3316
14,3317
18,3318
25,3319
10,3320
19,3321
43,3322
37,3323
35,3324
33,3325
25,3326
26,3327
16,3328
24,3329
29,3330
30,3331
23,3332
11,3333
12,3334
13,3335
23,3336
15,3337
15,3338
18,3339
15,3340
16,3341
14,3342
18,3343
11,3344
8,3345
13,3346
10,3347
14,3348
20,3349
23,3350
12,3351
16,3352
51,3353
33,3354
27,3355
33,3356
29,3357
25,3358
14,3359
19,3360
23,3361
28,3362
20,3363
6,3364
9,3365
8,3366
15,3367
11,3368
13,3369
12,3370
16,3371
17,3372
16,3373
14,3374
12,3375
11,3376
13,3377
8,3378
13,3379
16,3380
18,3381
7,3382
11,3383
44,3384
24,3385
20,3386
26,3387
28,3388
21,3389
13,3390
17,3391
26,3392
27,3393
17,3394
8,3395
11,3396
8,3397
16,3398
13,3399
13,3400
10,3401
9,3402
10,3403
8,3404
6,3405
7,3406
5,3407
6,3408
6,3409
7,3410
8,3411
10,3412
4,3413
6,3414
33,3415
15,3416
12,3417
19,3418
18,3419
17,3420
9,3421
9,3422
16,3423
19,3424
13,3425
3,3426
4,3427
3,3428
8,3429
6,3430
6,3431
4,3432
10,3433
10,3434
11,3435
13,3436
6,3437
5,3438
8,3439
6,3440
8,3441
10,3442
12,3443
7,3444
10,3445
35,3446
15,3447
16,3448
20,3449
20,3450
17,3451
9,3452
10,3453
18,3454
21,3455
10,3456
4,3457
6,3458
5,3459
9,3460
7,3461
7,3462
7,3463
12,3464
8,3465
6,3466
6,3467
7,3468
6,3469
6,3470
6,3471
7,3472
8,3473
8,3474
7,3475
9,3476
17,3477
14,3478
9,3479
13,3480
9,3481
NA,3482
NA,3483
11,3484
9,3485
13,3486
12,3487
6,3488
6,3489
6,3490
9,3491
7,3492
8,3493
7,3494
15,3495
12,3496
14,3497
22,3498
19,3499
19,3500
22,3501
26,3502
9,3503
9,3504
13,3505
15,3506
14,3507
14,3508
25,3509
19,3510
18,3511
35,3512
29,3513
33,3514
35,3515
13,3516
9,3517
12,3518
16,3519
18,3520
30,3521
33,3522
22,3523
21,3524
13,3525
10,3526
12,3527
14,3528
13,3529
16,3530
17,3531
21,3532
22,3533
6,3534
9,3535
13,3536
13,3537
13,3538
13,3539
20,3540
16,3541
18,3542
31,3543
22,3544
27,3545
26,3546
12,3547
9,3548
11,3549
15,3550
17,3551
28,3552
33,3553
21,3554
14,3555
12,3556
9,3557
12,3558
12,3559
17,3560
13,3561
15,3562
21,3563
24,3564
6,3565
8,3566
11,3567
16,3568
16,3569
15,3570
19,3571
14,3572
17,3573
24,3574
20,3575
24,3576
19,3577
11,3578
7,3579
10,3580
14,3581
19,3582
29,3583
25,3584
19,3585
12,3586
11,3587
6,3588
6,3589
7,3590
8,3591
8,3592
NA,3593
NA,3594
31,3595
3,3596
4,3597
7,3598
9,3599
7,3600
6,3601
8,3602
8,3603
11,3604
16,3605
12,3606
18,3607
8,3608
6,3609
3,3610
5,3611
9,3612
13,3613
16,3614
18,3615
11,3616
8,3617
11,3618
7,3619
7,3620
8,3621
7,3622
9,3623
12,3624
13,3625
17,3626
6,3627
7,3628
11,3629
9,3630
9,3631
7,3632
10,3633
9,3634
11,3635
17,3636
16,3637
20,3638
14,3639
9,3640
NA,3641
NA,3642
NA,3643
15,3644
20,3645
17,3646
12,3647
7,3648
8,3649
7,3650
8,3651
7,3652
8,3653
9,3654
11,3655
13,3656
15,3657
5,3658
6,3659
11,3660
9,3661
8,3662
7,3663
8,3664
9,3665
9,3666
13,3667
12,3668
16,3669
9,3670
7,3671
6,3672
7,3673
9,3674
12,3675
12,3676
12,3677
9,3678
7,3679
8,3680
24,3681
29,3682
39,3683
28,3684
26,3685
113,3686
13,3687
17,3688
23,3689
12,3690
30,3691
35,3692
21,3693
24,3694
33,3695
21,3696
33,3697
31,3698
42,3699
40,3700
45,3701
105,3702
53,3703
31,3704
37,3705
39,3706
41,3707
39,3708
21,3709
24,3710
27,3711
28,3712
26,3713
124,3714
12,3715
13,3716
18,3717
10,3718
17,3719
43,3720
17,3721
17,3722
23,3723
16,3724
25,3725
27,3726
35,3727
31,3728
36,3729
95,3730
49,3731
28,3732
26,3733
33,3734
35,3735
33,3736
20,3737
29,3738
21,3739
23,3740
23,3741
113,3742
12,3743
12,3744
17,3745
12,3746
18,3747
32,3748
NA,3749
NA,3750
NA,3751
28,3752
26,3753
26,3754
38,3755
32,3756
38,3757
90,3758
51,3759
28,3760
30,3761
34,3762
38,3763
32,3764
13,3765
13,3766
11,3767
19,3768
19,3769
123,3770
9,3771
6,3772
8,3773
3,3774
2,3775
NA,3776
NA,3777
NA,3778
NA,3779
2,3780
19,3781
19,3782
32,3783
26,3784
35,3785
86,3786
44,3787
25,3788
24,3789
31,3790
31,3791
31,3792
15,3793
15,3794
17,3795
24,3796
20,3797
119,3798
11,3799
11,3800
14,3801
8,3802
14,3803
31,3804
14,3805
17,3806
22,3807
17,3808
22,3809
20,3810
31,3811
25,3812
36,3813
83,3814
46,3815
25,3816
22,3817
35,3818
31,3819
29,3820
13,3821
12,3822
11,3823
19,3824
17,3825
102,3826
9,3827
7,3828
9,3829
7,3830
9,3831
17,3832
11,3833
11,3834
16,3835
11,3836
16,3837
13,3838
25,3839
21,3840
23,3841
46,3842
27,3843
17,3844
22,3845
28,3846
32,3847
29,3848
48,3849
50,3850
48,3851
49,3852
52,3853
38,3854
31,3855
27,3856
20,3857
27,3858
44,3859
26,3860
31,3861
24,3862
29,3863
35,3864
36,3865
34,3866
14,3867
18,3868
19,3869
27,3870
31,3871
38,3872
36,3873
38,3874
25,3875
24,3876
27,3877
29,3878
36,3879
43,3880
46,3881
40,3882
45,3883
47,3884
34,3885
29,3886
26,3887
20,3888
25,3889
32,3890
24,3891
23,3892
21,3893
24,3894
24,3895
30,3896
25,3897
14,3898
17,3899
21,3900
25,3901
27,3902
36,3903
37,3904
33,3905
25,3906
26,3907
35,3908
29,3909
39,3910
44,3911
47,3912
40,3913
44,3914
46,3915
33,3916
28,3917
26,3918
21,3919
23,3920
33,3921
23,3922
20,3923
17,3924
22,3925
23,3926
24,3927
19,3928
13,3929
15,3930
16,3931
21,3932
25,3933
30,3934
30,3935
27,3936
20,3937
22,3938
22,3939
25,3940
32,3941
39,3942
44,3943
33,3944
37,3945
23,3946
NA,3947
NA,3948
19,3949
13,3950
18,3951
24,3952
16,3953
17,3954
14,3955
15,3956
13,3957
16,3958
16,3959
7,3960
10,3961
12,3962
15,3963
19,3964
24,3965
26,3966
22,3967
18,3968
24,3969
18,3970
22,3971
31,3972
39,3973
41,3974
34,3975
33,3976
35,3977
29,3978
26,3979
22,3980
15,3981
18,3982
27,3983
18,3984
17,3985
16,3986
17,3987
18,3988
19,3989
15,3990
6,3991
10,3992
11,3993
15,3994
20,3995
23,3996
25,3997
23,3998
18,3999
19,4000
19,4001
26,4002
30,4003
37,4004
37,4005
32,4006
33,4007
38,4008
33,4009
26,4010
20,4011
15,4012
19,4013
22,4014
18,4015
18,4016
17,4017
16,4018
18,4019
18,4020
17,4021
8,4022
13,4023
16,4024
11,4025
19,4026
21,4027
23,4028
22,4029
19,4030
22,4031
18,4032
26,4033
31,4034
41,4035
27,4036
37,4037
31,4038
38,4039
45,4040
27,4041
42,4042
31,4043
25,4044
23,4045
15,4046
24,4047
22,4048
26,4049
23,4050
15,4051
23,4052
23,4053
29,4054
14,4055
20,4056
24,4057
22,4058
17,4059
23,4060
28,4061
20,4062
15,4063
23,4064
38,4065
26,4066
37,4067
35,4068
39,4069
43,4070
30,4071
33,4072
25,4073
22,4074
22,4075
8,4076
27,4077
22,4078
25,4079
25,4080
16,4081
24,4082
27,4083
29,4084
17,4085
21,4086
26,4087
21,4088
19,4089
26,4090
29,4091
24,4092
22,4093
26,4094
28,4095
19,4096
25,4097
24,4098
26,4099
30,4100
22,4101
22,4102
19,4103
18,4104
17,4105
11,4106
19,4107
18,4108
20,4109
19,4110
11,4111
14,4112
23,4113
17,4114
11,4115
14,4116
18,4117
14,4118
14,4119
17,4120
22,4121
19,4122
18,4123
20,4124
26,4125
18,4126
23,4127
24,4128
30,4129
26,4130
20,4131
19,4132
17,4133
16,4134
14,4135
7,4136
15,4137
16,4138
19,4139
16,4140
9,4141
12,4142
14,4143
17,4144
10,4145
11,4146
14,4147
12,4148
10,4149
14,4150
16,4151
16,4152
15,4153
16,4154
25,4155
18,4156
23,4157
23,4158
25,4159
29,4160
22,4161
22,4162
20,4163
18,4164
17,4165
10,4166
15,4167
14,4168
16,4169
15,4170
9,4171
12,4172
17,4173
20,4174
11,4175
14,4176
16,4177
13,4178
12,4179
15,4180
19,4181
19,4182
17,4183
20,4184
27,4185
18,4186
25,4187
26,4188
28,4189
29,4190
21,4191
21,4192
18,4193
15,4194
16,4195
4,4196
14,4197
15,4198
16,4199
16,4200
10,4201
14,4202
17,4203
18,4204
10,4205
13,4206
13,4207
13,4208
12,4209
14,4210
18,4211
18,4212
16,4213
13,4214